Workbook
Name PERFORMANCETASKS: #REF!
Name PT: #REF!
Name QA: #REF!
Name QUARTERLYASSESSMENT: #REF!
Name SUBJECTS: '[1]INPUT DATA'!$A$1002:$A$1005
Name Transmu_Table: #REF!
Name WRITTENWORKS: #REF!
Name WW: #REF!

Sheet INSTRUCTIONS
B3: Instructions: Accomplishing the Electronic Class Record (ECR) for SSHS
B7: 1 | C7: Input the correct data for the following sections. Any details entered here are used throughout the e-Class Record
C10: INPUT DATA
C12: A. | D12: SCHOOL INFO
D13: 1 | E13: REGION | I13: : | J13: Select the Region where the school is located
D14: 2 | E14: DIVISION | I14: : | J14: Input the respective Schools Division Office
D15: 3 | E15: SCHOOL ID | I15: : | J15: Enter the six (6) digit school ID
D16: 4 | E16: SCHOOL NAME | I16: : | J16: Enter the name of the school
D17: 5 | E17: SCHOOL YEAR | I17: : | J17: Enter the current school year
C19: B. | D19: TEACHER, GRADE LEVEL, AND SUBJECT AREA INFO
D20: 1 | E20: TEACHER | J20: Enter the name of teacher's name
D21: 2 | E21: GRADE LEVEL | J21: Input the grade level taught. This field only accepts 11 or 12.
D22: 3 | E22: SECTION NAME | J22: Enter section name.
D23: 4 | E23: SUBJECT TYPE | J23: Select the subject type.
D24: 5 | E24: SUBJECT | J24: The selection for the subjects is dependent on the subject type selected.
E25: 5.1 | F25: Other Elective and Special Curricular Program | J25: If applicable, select “Other Elective and Special Curricular Program”, then enter the new elective or subject in the field provided.
D28: As an additional guide, a note regarding where the computation of the final grade can be found will be displayed, depending on the selected subject type and grade level.
C32: C. | D32: LEARNERS' NAMES
D33: Either manually type learners' names or copy from SF1 and copy onto their respective column (Male or Female).
D37: TIP: Press Control + Shift + V to paste values only. | M37: shift ↑ | P37: Z | Q37: X | R37: C | S37: V
M39: ctrl
B43: 2 | C43: Input the raw scores per term to compute for the term grades and annual final grades.
C46: TERM GRADES
C55: INSTRUCTIONS | G55: DATA INPUT | I55: TERM 1 | J55: TERM 2 | K55: TERM 3 | L55: AVE
D57: HIGHEST POSSIBLE SCORE | J57: Input the highest possible score for each grading component.
D58: ACTUAL SCORE | J58: For each learner, input the actual score accordingly.
D60: The INITIAL GRADE will be computed and TRANSMUTED when all required grading components have been completed.
C64: ! | D64: The weights of the grading components differ depending on the selected Subject type.
K66: CORE | M66: Academic Electives | Q66: TechPro Electives
M67: All Other Electives | O67: Field Experience / Exposure Sports and Arts | Q67: All Other Electives | S67: Work Immersion
E68: WRITTEN WORK | K68: 0.2 | M68: 0.2 | O68: 0.15 | Q68: 0.15 | S68: 0.2
E69: PERFORMANCE TASK | K69: 0.5 | M69: 0.5 | O69: 0.7 | Q69: 0.65 | S69: 0.8
E70: QUARTERLY ASSESSMENT | K70: 0.3 | M70: 0.3 | O70: 0.15 | Q70: 0.2
K71: =SUM(K68:K70) -> 1 | M71: =SUM(M68:M70) -> 1 | O71: =SUM(O68:O70) -> 1 | Q71: =SUM(Q68:Q70) -> 1 | S71: =SUM(S68:S70) -> 1
B75: 3 | C75: Print only the appropriate sheets for reporting purposes and ensure that learner data is handled in compliance with data privacy policies.
B79: MODIFIED BY:
C81: RICHARD R. RAQUEÑO
C82: WhatsApp: | F82: https://wa.me/639068810513

Sheet INPUT DATA
D3: Input Data Sheet for Electronic-Class Record (ECR) for SSHS
B7: SCHOOL INFO | J7: LEARNERS' NAMES
C10: REGION | E10: : | K10: MALE | N10: FEMALE
C11: DIVISION | E11: : | K11: 1 | N11: 1
K12: 2 | N12: 2
C13: SCHOOL ID | E13: : | K13: 3 | N13: 3
C14: SCHOOL NAME | E14: : | K14: 4 | N14: 4
K15: 5 | N15: 5
C16: SCHOOL YEAR | E16: : | K16: 6 | N16: 6
K17: 7 | N17: 7
K18: 8 | N18: 8
B19: TEACHER, TRACK, GRADE LEVEL, AND SUBJECT AREA INFO | K19: 9 | N19: 9
K20: 10 | N20: 10
K21: 11 | N21: 11
C22: TEACHER | E22: : | F22: RICHARD R. RAQUENO | K22: 12 | N22: 12
C23: TRACK | E23: : | G23: (Use the dropdown menu) | K23: 13 | N23: 13
C24: GRADE LEVEL | E24: : | G24: (Accepts 11 and 12 only) | K24: 14 | N24: 14
C25: SECTION | E25: : | F25: DEPED TAMBAYAN | K25: 15 | N25: 15
C26: SUBJECT TYPE | E26: : | K26: 16 | N26: 16
K27: 17 | N27: 17
C28: SUBJECT | E28: : | K28: 18 | N28: 18
K29: 19 | N29: 19
C30: Other Elective & Special Curricular Program / Subject | E30: : | K30: 20 | N30: 20
K31: 21 | N31: 21
K32: 22 | N32: 22
C33: DISCLAIMER: This is not an official release. All tabs are password-protected to prevent accidental formula edits and ensure accuracy.If you find any inconsistencies, particularly with the formulas, please message ME so the necessary changes can be incorporated. | K33: 23 | N33: 23
K34: 24 | N34: 24
K35: 25 | N35: 25
K36: 26 | N36: 26
K37: 27 | N37: 27
B38: Download OFFICIAL RELEASE and updated versions here: | K38: 28 | N38: 28
B39: https://tinyurl.com/SHSECR2026 | K39: 29 | N39: 29
K40: 30 | N40: 30
B41: Modified by: | D41: RICHARD R. RAQUENO | K41: 31 | N41: 31
B42: WhatsApp: | D42: https://wa.me/639068810513 | K42: 32 | N42: 32
K43: 33 | N43: 33
K44: 34 | N44: 34
K45: 35 | N45: 35
K46: 36 | N46: 36
K47: 37 | N47: 37
K48: 38 | N48: 38
K49: 39 | N49: 39
K50: 40 | N50: 40
K51: 41 | N51: 41
K52: 42 | N52: 42
K53: 43 | N53: 43
K54: 44 | N54: 44
... K59: 49 | N59: 49
K60: 50 | L60: RAQUENO, RICHARD R. | N60: 50
P62: 2026_v1.0

Sheet TERM 1
A1: Strengthened Senior High School Class Record
A3: (Pursuant to Deped Order 8 series of 2015)
F4: REGION | G4: ='INPUT DATA'!F10 -> 0 | O4: DIVISION | R4: ='INPUT DATA'!F11 -> 0
F5: SCHOOL NAME | G5: ='INPUT DATA'!F14 -> 0 | O5: SCHOOL ID | R5: =IF('INPUT DATA'!F13="","", 'INPUT DATA'!F13) | W5: SCHOOL YEAR | Z5: ='INPUT DATA'!F16 -> 0
A7: FIRST TERM | F7: GRADE LEVEL AND SECTION | K7: ='INPUT DATA'!F24&" - "&'INPUT DATA'!F25 -> - DEPED TAMBAYAN | Q7: TEACHER: | S7: =IF('INPUT DATA'!F22="","", 'INPUT DATA'!F22) -> RICHARD R. RAQUENO | X7: SUBJECT: | Z7: =IF('INPUT DATA'!F30<>"",'INPUT DATA'!F30,'INPUT DATA'!F28) -> 0
Q8: TRACK: | S8: ='INPUT DATA'!F23 -> 0 | X8: SUBJECT TYPE: | Z8: ='INPUT DATA'!F26 -> 0
A9: LEARNERS' NAMES | F9: =IF('INPUT DATA'!$F$26="","",INDEX('Helper(IMPORTANT!)'!$CI$2:$CI$6,MATCH(Z8,'Helper(IMPORTANT!)'!$CH$2:$CH$6,0))) | N9: =IF('INPUT DATA'!$F$26="","",INDEX('Helper(IMPORTANT!)'!$CJ$2:$CJ$6,MATCH(Z8,'Helper(IMPORTANT!)'!$CH$2:$CH$6,0))) | T9: =IF('INPUT DATA'!$F$26="","",INDEX('Helper(IMPORTANT!)'!$CK$2:$CK$6,MATCH(Z8,'Helper(IMPORTANT!)'!$CH$2:$CH$6,0))) | Z9: Initial Grade | AA9: Transmuted Grade | AB9: Letter Grade
F10: 1 | G10: 2 | H10: 3 | I10: 4 | J10: 5 | K10: Total | L10: PS | M10: WS | N10: 1 | O10: 2 | P10: 3 | Q10: Total | R10: PS | S10: WS | T10: SA1 | U10: SA2 | V10: TE | W10: Total | X10: PS | Y10: WS
A11: HIGHEST POSSIBLE SCORE | K11: =IF(COUNT($F11:$J11)=0,"",SUM($F11:$J11)) | L11: 100 | M11: =IF('INPUT DATA'!$F$26="","",INDEX('Helper(IMPORTANT!)'!$CL$2:$CL$6,MATCH(Z8,'Helper(IMPORTANT!)'!$CH$2:$CH$6,0))) | Q11: =IF(COUNT($N11:$P11)=0,"",SUM($N11:$P11)) | R11: 100 | S11: =IF('INPUT DATA'!$F$26="","",INDEX('Helper(IMPORTANT!)'!$CM$2:$CM$6,MATCH(Z8,'Helper(IMPORTANT!)'!$CH$2:$CH$6,0))) | W11: =IF(COUNT($T11:$V11)=0,"",SUM($T11:$V11)) | X11: 100 | Y11: =IF('INPUT DATA'!$F$26="","",INDEX('Helper(IMPORTANT!)'!$CN$2:$CN$6,MATCH(Z8,'Helper(IMPORTANT!)'!$CH$2:$CH$6,0)))
A12: MALE
A13: 1 | B13: ='INPUT DATA'!L11 -> 0 | K13: =IF(COUNT($F13:$J13)=0,"",SUM($F13:$J13)) | L13: =IFERROR(IF(K13="","",ROUND(K13/$K$11*100,2)),"") | M13: =IFERROR(IF(L13="","",ROUND(L13*$M$11,2)),"") | Q13: =IF(COUNT($N13:$P13)=0,"",SUM($N13:$P13)) | R13: =IFERROR(IF(Q13="","",ROUND(Q13/$Q$11*100,2)),"") | S13: =IFERROR(IF(R13="","",ROUND(R13*$S$11,2)),"") | W13: =IF(COUNT($T13:$V13)=0,"",SUM($T13:$V13)) | X13: =IFERROR(IF(W13="","",ROUND(W13/$W$11*100,2)),"") | Y13: =IFERROR(IF(X13="","",ROUND(X13*$Y$11,2)),"") | Z13: =IFERROR(M13+S13+Y13,"") | AA13: =IFERROR(VLOOKUP(Z13,'Helper(IMPORTANT!)'!$CQ$1:$CR$41,2,TRUE),"") | AB13: {=IF(AA13="", "", _xlfn.IFS(AA13>=90, "A", AA13>=80, "B", AA13>=75, "C", AA13>=65, "D", AA13>=0, "E"))}
A14: 2 | B14: ='INPUT DATA'!L12 -> 0 | K14: =IF(COUNT($F14:$J14)=0,"",SUM($F14:$J14)) | L14: =IFERROR(IF(K14="","",ROUND(K14/$K$11*100,2)),"") | M14: =IFERROR(IF(L14="","",ROUND(L14*$M$11,2)),"") | Q14: =IF(COUNT($N14:$P14)=0,"",SUM($N14:$P14)) | R14: =IFERROR(IF(Q14="","",ROUND(Q14/$Q$11*100,2)),"") | S14: =IFERROR(IF(R14="","",ROUND(R14*$S$11,2)),"") | W14: =IF(COUNT($T14:$V14)=0,"",SUM($T14:$V14)) | X14: =IFERROR(IF(W14="","",ROUND(W14/$W$11*100,2)),"") | Y14: =IFERROR(IF(X14="","",ROUND(X14*$Y$11,2)),"") | Z14: =IFERROR(M14+S14+Y14,"") | AA14: =IFERROR(VLOOKUP(Z14,'Helper(IMPORTANT!)'!$CQ$1:$CR$41,2,TRUE),"") | AB14: {=IF(AA14="", "", _xlfn.IFS(AA14>=90, "A", AA14>=80, "B", AA14>=75, "C", AA14>=65, "D", AA14>=0, "E"))}
A15: 3 | B15: ='INPUT DATA'!L13 -> 0 | K15: =IF(COUNT($F15:$J15)=0,"",SUM($F15:$J15)) | L15: =IFERROR(IF(K15="","",ROUND(K15/$K$11*100,2)),"") | M15: =IFERROR(IF(L15="","",ROUND(L15*$M$11,2)),"") | Q15: =IF(COUNT($N15:$P15)=0,"",SUM($N15:$P15)) | R15: =IFERROR(IF(Q15="","",ROUND(Q15/$Q$11*100,2)),"") | S15: =IFERROR(IF(R15="","",ROUND(R15*$S$11,2)),"") | W15: =IF(COUNT($T15:$V15)=0,"",SUM($T15:$V15)) | X15: =IFERROR(IF(W15="","",ROUND(W15/$W$11*100,2)),"") | Y15: =IFERROR(IF(X15="","",ROUND(X15*$Y$11,2)),"") | Z15: =IFERROR(M15+S15+Y15,"") | AA15: =IFERROR(VLOOKUP(Z15,'Helper(IMPORTANT!)'!$CQ$1:$CR$41,2,TRUE),"") | AB15: {=IF(AA15="", "", _xlfn.IFS(AA15>=90, "A", AA15>=80, "B", AA15>=75, "C", AA15>=65, "D", AA15>=0, "E"))}
A16: 4 | B16: ='INPUT DATA'!L14 -> 0 | K16: =IF(COUNT($F16:$J16)=0,"",SUM($F16:$J16)) | L16: =IFERROR(IF(K16="","",ROUND(K16/$K$11*100,2)),"") | M16: =IFERROR(IF(L16="","",ROUND(L16*$M$11,2)),"") | Q16: =IF(COUNT($N16:$P16)=0,"",SUM($N16:$P16)) | R16: =IFERROR(IF(Q16="","",ROUND(Q16/$Q$11*100,2)),"") | S16: =IFERROR(IF(R16="","",ROUND(R16*$S$11,2)),"") | W16: =IF(COUNT($T16:$V16)=0,"",SUM($T16:$V16)) | X16: =IFERROR(IF(W16="","",ROUND(W16/$W$11*100,2)),"") | Y16: =IFERROR(IF(X16="","",ROUND(X16*$Y$11,2)),"") | Z16: =IFERROR(M16+S16+Y16,"") | AA16: =IFERROR(VLOOKUP(Z16,'Helper(IMPORTANT!)'!$CQ$1:$CR$41,2,TRUE),"") | AB16: {=IF(AA16="", "", _xlfn.IFS(AA16>=90, "A", AA16>=80, "B", AA16>=75, "C", AA16>=65, "D", AA16>=0, "E"))}
A17: 5 | B17: ='INPUT DATA'!L15 -> 0 | K17: =IF(COUNT($F17:$J17)=0,"",SUM($F17:$J17)) | L17: =IFERROR(IF(K17="","",ROUND(K17/$K$11*100,2)),"") | M17: =IFERROR(IF(L17="","",ROUND(L17*$M$11,2)),"") | Q17: =IF(COUNT($N17:$P17)=0,"",SUM($N17:$P17)) | R17: =IFERROR(IF(Q17="","",ROUND(Q17/$Q$11*100,2)),"") | S17: =IFERROR(IF(R17="","",ROUND(R17*$S$11,2)),"") | W17: =IF(COUNT($T17:$V17)=0,"",SUM($T17:$V17)) | X17: =IFERROR(IF(W17="","",ROUND(W17/$W$11*100,2)),"") | Y17: =IFERROR(IF(X17="","",ROUND(X17*$Y$11,2)),"") | Z17: =IFERROR(M17+S17+Y17,"") | AA17: =IFERROR(VLOOKUP(Z17,'Helper(IMPORTANT!)'!$CQ$1:$CR$41,2,TRUE),"") | AB17: {=IF(AA17="", "", _xlfn.IFS(AA17>=90, "A", AA17>=80, "B", AA17>=75, "C", AA17>=65, "D", AA17>=0, "E"))}
A18: 6 | B18: ='INPUT DATA'!L16 -> 0 | K18: =IF(COUNT($F18:$J18)=0,"",SUM($F18:$J18)) | L18: =IFERROR(IF(K18="","",ROUND(K18/$K$11*100,2)),"") | M18: =IFERROR(IF(L18="","",ROUND(L18*$M$11,2)),"") | Q18: =IF(COUNT($N18:$P18)=0,"",SUM($N18:$P18)) | R18: =IFERROR(IF(Q18="","",ROUND(Q18/$Q$11*100,2)),"") | S18: =IFERROR(IF(R18="","",ROUND(R18*$S$11,2)),"") | W18: =IF(COUNT($T18:$V18)=0,"",SUM($T18:$V18)) | X18: =IFERROR(IF(W18="","",ROUND(W18/$W$11*100,2)),"") | Y18: =IFERROR(IF(X18="","",ROUND(X18*$Y$11,2)),"") | Z18: =IFERROR(M18+S18+Y18,"") | AA18: =IFERROR(VLOOKUP(Z18,'Helper(IMPORTANT!)'!$CQ$1:$CR$41,2,TRUE),"") | AB18: {=IF(AA18="", "", _xlfn.IFS(AA18>=90, "A", AA18>=80, "B", AA18>=75, "C", AA18>=65, "D", AA18>=0, "E"))}
A19: 7 | B19: ='INPUT DATA'!L17 -> 0 | K19: =IF(COUNT($F19:$J19)=0,"",SUM($F19:$J19)) | L19: =IFERROR(IF(K19="","",ROUND(K19/$K$11*100,2)),"") | M19: =IFERROR(IF(L19="","",ROUND(L19*$M$11,2)),"") | Q19: =IF(COUNT($N19:$P19)=0,"",SUM($N19:$P19)) | R19: =IFERROR(IF(Q19="","",ROUND(Q19/$Q$11*100,2)),"") | S19: =IFERROR(IF(R19="","",ROUND(R19*$S$11,2)),"") | W19: =IF(COUNT($T19:$V19)=0,"",SUM($T19:$V19)) | X19: =IFERROR(IF(W19="","",ROUND(W19/$W$11*100,2)),"") | Y19: =IFERROR(IF(X19="","",ROUND(X19*$Y$11,2)),"") | Z19: =IFERROR(M19+S19+Y19,"") | AA19: =IFERROR(VLOOKUP(Z19,'Helper(IMPORTANT!)'!$CQ$1:$CR$41,2,TRUE),"") | AB19: {=IF(AA19="", "", _xlfn.IFS(AA19>=90, "A", AA19>=80, "B", AA19>=75, "C", AA19>=65, "D", AA19>=0, "E"))}
A20: 8 | B20: ='INPUT DATA'!L18 -> 0 | K20: =IF(COUNT($F20:$J20)=0,"",SUM($F20:$J20)) | L20: =IFERROR(IF(K20="","",ROUND(K20/$K$11*100,2)),"") | M20: =IFERROR(IF(L20="","",ROUND(L20*$M$11,2)),"") | Q20: =IF(COUNT($N20:$P20)=0,"",SUM($N20:$P20)) | R20: =IFERROR(IF(Q20="","",ROUND(Q20/$Q$11*100,2)),"") | S20: =IFERROR(IF(R20="","",ROUND(R20*$S$11,2)),"") | W20: =IF(COUNT($T20:$V20)=0,"",SUM($T20:$V20)) | X20: =IFERROR(IF(W20="","",ROUND(W20/$W$11*100,2)),"") | Y20: =IFERROR(IF(X20="","",ROUND(X20*$Y$11,2)),"") | Z20: =IFERROR(M20+S20+Y20,"") | AA20: =IFERROR(VLOOKUP(Z20,'Helper(IMPORTANT!)'!$CQ$1:$CR$41,2,TRUE),"") | AB20: {=IF(AA20="", "", _xlfn.IFS(AA20>=90, "A", AA20>=80, "B", AA20>=75, "C", AA20>=65, "D", AA20>=0, "E"))}
A21: 9 | B21: ='INPUT DATA'!L19 -> 0 | K21: =IF(COUNT($F21:$J21)=0,"",SUM($F21:$J21)) | L21: =IFERROR(IF(K21="","",ROUND(K21/$K$11*100,2)),"") | M21: =IFERROR(IF(L21="","",ROUND(L21*$M$11,2)),"") | Q21: =IF(COUNT($N21:$P21)=0,"",SUM($N21:$P21)) | R21: =IFERROR(IF(Q21="","",ROUND(Q21/$Q$11*100,2)),"") | S21: =IFERROR(IF(R21="","",ROUND(R21*$S$11,2)),"") | W21: =IF(COUNT($T21:$V21)=0,"",SUM($T21:$V21)) | X21: =IFERROR(IF(W21="","",ROUND(W21/$W$11*100,2)),"") | Y21: =IFERROR(IF(X21="","",ROUND(X21*$Y$11,2)),"") | Z21: =IFERROR(M21+S21+Y21,"") | AA21: =IFERROR(VLOOKUP(Z21,'Helper(IMPORTANT!)'!$CQ$1:$CR$41,2,TRUE),"") | AB21: {=IF(AA21="", "", _xlfn.IFS(AA21>=90, "A", AA21>=80, "B", AA21>=75, "C", AA21>=65, "D", AA21>=0, "E"))}
A22: 10 | B22: ='INPUT DATA'!L20 -> 0 | K22: =IF(COUNT($F22:$J22)=0,"",SUM($F22:$J22)) | L22: =IFERROR(IF(K22="","",ROUND(K22/$K$11*100,2)),"") | M22: =IFERROR(IF(L22="","",ROUND(L22*$M$11,2)),"") | Q22: =IF(COUNT($N22:$P22)=0,"",SUM($N22:$P22)) | R22: =IFERROR(IF(Q22="","",ROUND(Q22/$Q$11*100,2)),"") | S22: =IFERROR(IF(R22="","",ROUND(R22*$S$11,2)),"") | W22: =IF(COUNT($T22:$V22)=0,"",SUM($T22:$V22)) | X22: =IFERROR(IF(W22="","",ROUND(W22/$W$11*100,2)),"") | Y22: =IFERROR(IF(X22="","",ROUND(X22*$Y$11,2)),"") | Z22: =IFERROR(M22+S22+Y22,"") | AA22: =IFERROR(VLOOKUP(Z22,'Helper(IMPORTANT!)'!$CQ$1:$CR$41,2,TRUE),"") | AB22: {=IF(AA22="", "", _xlfn.IFS(AA22>=90, "A", AA22>=80, "B", AA22>=75, "C", AA22>=65, "D", AA22>=0, "E"))}
A23: 11 | B23: ='INPUT DATA'!L21 -> 0 | K23: =IF(COUNT($F23:$J23)=0,"",SUM($F23:$J23)) | L23: =IFERROR(IF(K23="","",ROUND(K23/$K$11*100,2)),"") | M23: =IFERROR(IF(L23="","",ROUND(L23*$M$11,2)),"") | Q23: =IF(COUNT($N23:$P23)=0,"",SUM($N23:$P23)) | R23: =IFERROR(IF(Q23="","",ROUND(Q23/$Q$11*100,2)),"") | S23: =IFERROR(IF(R23="","",ROUND(R23*$S$11,2)),"") | W23: =IF(COUNT($T23:$V23)=0,"",SUM($T23:$V23)) | X23: =IFERROR(IF(W23="","",ROUND(W23/$W$11*100,2)),"") | Y23: =IFERROR(IF(X23="","",ROUND(X23*$Y$11,2)),"") | Z23: =IFERROR(M23+S23+Y23,"") | AA23: =IFERROR(VLOOKUP(Z23,'Helper(IMPORTANT!)'!$CQ$1:$CR$41,2,TRUE),"") | AB23: {=IF(AA23="", "", _xlfn.IFS(AA23>=90, "A", AA23>=80, "B", AA23>=75, "C", AA23>=65, "D", AA23>=0, "E"))}
A24: 12 | B24: ='INPUT DATA'!L22 -> 0 | K24: =IF(COUNT($F24:$J24)=0,"",SUM($F24:$J24)) | L24: =IFERROR(IF(K24="","",ROUND(K24/$K$11*100,2)),"") | M24: =IFERROR(IF(L24="","",ROUND(L24*$M$11,2)),"") | Q24: =IF(COUNT($N24:$P24)=0,"",SUM($N24:$P24)) | R24: =IFERROR(IF(Q24="","",ROUND(Q24/$Q$11*100,2)),"") | S24: =IFERROR(IF(R24="","",ROUND(R24*$S$11,2)),"") | W24: =IF(COUNT($T24:$V24)=0,"",SUM($T24:$V24)) | X24: =IFERROR(IF(W24="","",ROUND(W24/$W$11*100,2)),"") | Y24: =IFERROR(IF(X24="","",ROUND(X24*$Y$11,2)),"") | Z24: =IFERROR(M24+S24+Y24,"") | AA24: =IFERROR(VLOOKUP(Z24,'Helper(IMPORTANT!)'!$CQ$1:$CR$41,2,TRUE),"") | AB24: {=IF(AA24="", "", _xlfn.IFS(AA24>=90, "A", AA24>=80, "B", AA24>=75, "C", AA24>=65, "D", AA24>=0, "E"))}
... A62: 50 | B62: ='INPUT DATA'!L60 -> RAQUENO, RICHARD R. | K62: =IF(COUNT($F62:$J62)=0,"",SUM($F62:$J62)) | L62: =IFERROR(IF(K62="","",ROUND(K62/$K$11*100,2)),"") | M62: =IFERROR(IF(L62="","",ROUND(L62*$M$11,2)),"") | Q62: =IF(COUNT($N62:$P62)=0,"",SUM($N62:$P62)) | R62: =IFERROR(IF(Q62="","",ROUND(Q62/$Q$11*100,2)),"") | S62: =IFERROR(IF(R62="","",ROUND(R62*$S$11,2)),"") | W62: =IF(COUNT($T62:$V62)=0,"",SUM($T62:$V62)) | X62: =IFERROR(IF(W62="","",ROUND(W62/$W$11*100,2)),"") | Y62: =IFERROR(IF(X62="","",ROUND(X62*$Y$11,2)),"") | Z62: =IFERROR(M62+S62+Y62,"") | AA62: =IFERROR(VLOOKUP(Z62,'Helper(IMPORTANT!)'!$CQ$1:$CR$41,2,TRUE),"") | AB62: {=IF(AA62="", "", _xlfn.IFS(AA62>=90, "A", AA62>=80, "B", AA62>=75, "C", AA62>=65, "D", AA62>=0, "E"))}
A63: FEMALE
A64: 1 | B64: ='INPUT DATA'!O11 -> 0 | K64: =IF(COUNT($F64:$J64)=0,"",SUM($F64:$J64)) | L64: =IFERROR(IF(K64="","",ROUND(K64/$K$11*100,2)),"") | M64: =IFERROR(IF(L64="","",ROUND(L64*$M$11,2)),"") | Q64: =IF(COUNT($N64:$P64)=0,"",SUM($N64:$P64)) | R64: =IFERROR(IF(Q64="","",ROUND(Q64/$Q$11*100,2)),"") | S64: =IFERROR(IF(R64="","",ROUND(R64*$S$11,2)),"") | W64: =IF(COUNT($T64:$V64)=0,"",SUM($T64:$V64)) | X64: =IFERROR(IF(W64="","",ROUND(W64/$W$11*100,2)),"") | Y64: =IFERROR(IF(X64="","",ROUND(X64*$Y$11,2)),"") | Z64: =IFERROR(M64+S64+Y64,"") | AA64: =IFERROR(VLOOKUP(Z64,'Helper(IMPORTANT!)'!$CQ$1:$CR$41,2,TRUE),"") | AB64: {=IF(AA64="", "", _xlfn.IFS(AA64>=90, "A", AA64>=80, "B", AA64>=75, "C", AA64>=65, "D", AA64>=0, "E"))}
A65: 2 | B65: ='INPUT DATA'!O12 -> 0 | K65: =IF(COUNT($F65:$J65)=0,"",SUM($F65:$J65)) | L65: =IFERROR(IF(K65="","",ROUND(K65/$K$11*100,2)),"") | M65: =IFERROR(IF(L65="","",ROUND(L65*$M$11,2)),"") | Q65: =IF(COUNT($N65:$P65)=0,"",SUM($N65:$P65)) | R65: =IFERROR(IF(Q65="","",ROUND(Q65/$Q$11*100,2)),"") | S65: =IFERROR(IF(R65="","",ROUND(R65*$S$11,2)),"") | W65: =IF(COUNT($T65:$V65)=0,"",SUM($T65:$V65)) | X65: =IFERROR(IF(W65="","",ROUND(W65/$W$11*100,2)),"") | Y65: =IFERROR(IF(X65="","",ROUND(X65*$Y$11,2)),"") | Z65: =IFERROR(M65+S65+Y65,"") | AA65: =IFERROR(VLOOKUP(Z65,'Helper(IMPORTANT!)'!$CQ$1:$CR$41,2,TRUE),"") | AB65: {=IF(AA65="", "", _xlfn.IFS(AA65>=90, "A", AA65>=80, "B", AA65>=75, "C", AA65>=65, "D", AA65>=0, "E"))}
A66: 3 | B66: ='INPUT DATA'!O13 -> 0 | K66: =IF(COUNT($F66:$J66)=0,"",SUM($F66:$J66)) | L66: =IFERROR(IF(K66="","",ROUND(K66/$K$11*100,2)),"") | M66: =IFERROR(IF(L66="","",ROUND(L66*$M$11,2)),"") | Q66: =IF(COUNT($N66:$P66)=0,"",SUM($N66:$P66)) | R66: =IFERROR(IF(Q66="","",ROUND(Q66/$Q$11*100,2)),"") | S66: =IFERROR(IF(R66="","",ROUND(R66*$S$11,2)),"") | W66: =IF(COUNT($T66:$V66)=0,"",SUM($T66:$V66)) | X66: =IFERROR(IF(W66="","",ROUND(W66/$W$11*100,2)),"") | Y66: =IFERROR(IF(X66="","",ROUND(X66*$Y$11,2)),"") | Z66: =IFERROR(M66+S66+Y66,"") | AA66: =IFERROR(VLOOKUP(Z66,'Helper(IMPORTANT!)'!$CQ$1:$CR$41,2,TRUE),"") | AB66: {=IF(AA66="", "", _xlfn.IFS(AA66>=90, "A", AA66>=80, "B", AA66>=75, "C", AA66>=65, "D", AA66>=0, "E"))}
A67: 4 | B67: ='INPUT DATA'!O14 -> 0 | K67: =IF(COUNT($F67:$J67)=0,"",SUM($F67:$J67)) | L67: =IFERROR(IF(K67="","",ROUND(K67/$K$11*100,2)),"") | M67: =IFERROR(IF(L67="","",ROUND(L67*$M$11,2)),"") | Q67: =IF(COUNT($N67:$P67)=0,"",SUM($N67:$P67)) | R67: =IFERROR(IF(Q67="","",ROUND(Q67/$Q$11*100,2)),"") | S67: =IFERROR(IF(R67="","",ROUND(R67*$S$11,2)),"") | W67: =IF(COUNT($T67:$V67)=0,"",SUM($T67:$V67)) | X67: =IFERROR(IF(W67="","",ROUND(W67/$W$11*100,2)),"") | Y67: =IFERROR(IF(X67="","",ROUND(X67*$Y$11,2)),"") | Z67: =IFERROR(M67+S67+Y67,"") | AA67: =IFERROR(VLOOKUP(Z67,'Helper(IMPORTANT!)'!$CQ$1:$CR$41,2,TRUE),"") | AB67: {=IF(AA67="", "", _xlfn.IFS(AA67>=90, "A", AA67>=80, "B", AA67>=75, "C", AA67>=65, "D", AA67>=0, "E"))}
A68: 5 | B68: ='INPUT DATA'!O15 -> 0 | K68: =IF(COUNT($F68:$J68)=0,"",SUM($F68:$J68)) | L68: =IFERROR(IF(K68="","",ROUND(K68/$K$11*100,2)),"") | M68: =IFERROR(IF(L68="","",ROUND(L68*$M$11,2)),"") | Q68: =IF(COUNT($N68:$P68)=0,"",SUM($N68:$P68)) | R68: =IFERROR(IF(Q68="","",ROUND(Q68/$Q$11*100,2)),"") | S68: =IFERROR(IF(R68="","",ROUND(R68*$S$11,2)),"") | W68: =IF(COUNT($T68:$V68)=0,"",SUM($T68:$V68)) | X68: =IFERROR(IF(W68="","",ROUND(W68/$W$11*100,2)),"") | Y68: =IFERROR(IF(X68="","",ROUND(X68*$Y$11,2)),"") | Z68: =IFERROR(M68+S68+Y68,"") | AA68: =IFERROR(VLOOKUP(Z68,'Helper(IMPORTANT!)'!$CQ$1:$CR$41,2,TRUE),"") | AB68: {=IF(AA68="", "", _xlfn.IFS(AA68>=90, "A", AA68>=80, "B", AA68>=75, "C", AA68>=65, "D", AA68>=0, "E"))}
A69: 6 | B69: ='INPUT DATA'!O16 -> 0 | K69: =IF(COUNT($F69:$J69)=0,"",SUM($F69:$J69)) | L69: =IFERROR(IF(K69="","",ROUND(K69/$K$11*100,2)),"") | M69: =IFERROR(IF(L69="","",ROUND(L69*$M$11,2)),"") | Q69: =IF(COUNT($N69:$P69)=0,"",SUM($N69:$P69)) | R69: =IFERROR(IF(Q69="","",ROUND(Q69/$Q$11*100,2)),"") | S69: =IFERROR(IF(R69="","",ROUND(R69*$S$11,2)),"") | W69: =IF(COUNT($T69:$V69)=0,"",SUM($T69:$V69)) | X69: =IFERROR(IF(W69="","",ROUND(W69/$W$11*100,2)),"") | Y69: =IFERROR(IF(X69="","",ROUND(X69*$Y$11,2)),"") | Z69: =IFERROR(M69+S69+Y69,"") | AA69: =IFERROR(VLOOKUP(Z69,'Helper(IMPORTANT!)'!$CQ$1:$CR$41,2,TRUE),"") | AB69: {=IF(AA69="", "", _xlfn.IFS(AA69>=90, "A", AA69>=80, "B", AA69>=75, "C", AA69>=65, "D", AA69>=0, "E"))}
A70: 7 | B70: ='INPUT DATA'!O17 -> 0 | K70: =IF(COUNT($F70:$J70)=0,"",SUM($F70:$J70)) | L70: =IFERROR(IF(K70="","",ROUND(K70/$K$11*100,2)),"") | M70: =IFERROR(IF(L70="","",ROUND(L70*$M$11,2)),"") | Q70: =IF(COUNT($N70:$P70)=0,"",SUM($N70:$P70)) | R70: =IFERROR(IF(Q70="","",ROUND(Q70/$Q$11*100,2)),"") | S70: =IFERROR(IF(R70="","",ROUND(R70*$S$11,2)),"") | W70: =IF(COUNT($T70:$V70)=0,"",SUM($T70:$V70)) | X70: =IFERROR(IF(W70="","",ROUND(W70/$W$11*100,2)),"") | Y70: =IFERROR(IF(X70="","",ROUND(X70*$Y$11,2)),"") | Z70: =IFERROR(M70+S70+Y70,"") | AA70: =IFERROR(VLOOKUP(Z70,'Helper(IMPORTANT!)'!$CQ$1:$CR$41,2,TRUE),"") | AB70: {=IF(AA70="", "", _xlfn.IFS(AA70>=90, "A", AA70>=80, "B", AA70>=75, "C", AA70>=65, "D", AA70>=0, "E"))}
A71: 8 | B71: ='INPUT DATA'!O18 -> 0 | K71: =IF(COUNT($F71:$J71)=0,"",SUM($F71:$J71)) | L71: =IFERROR(IF(K71="","",ROUND(K71/$K$11*100,2)),"") | M71: =IFERROR(IF(L71="","",ROUND(L71*$M$11,2)),"") | Q71: =IF(COUNT($N71:$P71)=0,"",SUM($N71:$P71)) | R71: =IFERROR(IF(Q71="","",ROUND(Q71/$Q$11*100,2)),"") | S71: =IFERROR(IF(R71="","",ROUND(R71*$S$11,2)),"") | W71: =IF(COUNT($T71:$V71)=0,"",SUM($T71:$V71)) | X71: =IFERROR(IF(W71="","",ROUND(W71/$W$11*100,2)),"") | Y71: =IFERROR(IF(X71="","",ROUND(X71*$Y$11,2)),"") | Z71: =IFERROR(M71+S71+Y71,"") | AA71: =IFERROR(VLOOKUP(Z71,'Helper(IMPORTANT!)'!$CQ$1:$CR$41,2,TRUE),"") | AB71: {=IF(AA71="", "", _xlfn.IFS(AA71>=90, "A", AA71>=80, "B", AA71>=75, "C", AA71>=65, "D", AA71>=0, "E"))}
A72: 9 | B72: ='INPUT DATA'!O19 -> 0 | K72: =IF(COUNT($F72:$J72)=0,"",SUM($F72:$J72)) | L72: =IFERROR(IF(K72="","",ROUND(K72/$K$11*100,2)),"") | M72: =IFERROR(IF(L72="","",ROUND(L72*$M$11,2)),"") | Q72: =IF(COUNT($N72:$P72)=0,"",SUM($N72:$P72)) | R72: =IFERROR(IF(Q72="","",ROUND(Q72/$Q$11*100,2)),"") | S72: =IFERROR(IF(R72="","",ROUND(R72*$S$11,2)),"") | W72: =IF(COUNT($T72:$V72)=0,"",SUM($T72:$V72)) | X72: =IFERROR(IF(W72="","",ROUND(W72/$W$11*100,2)),"") | Y72: =IFERROR(IF(X72="","",ROUND(X72*$Y$11,2)),"") | Z72: =IFERROR(M72+S72+Y72,"") | AA72: =IFERROR(VLOOKUP(Z72,'Helper(IMPORTANT!)'!$CQ$1:$CR$41,2,TRUE),"") | AB72: {=IF(AA72="", "", _xlfn.IFS(AA72>=90, "A", AA72>=80, "B", AA72>=75, "C", AA72>=65, "D", AA72>=0, "E"))}
A73: 10 | B73: ='INPUT DATA'!O20 -> 0 | K73: =IF(COUNT($F73:$J73)=0,"",SUM($F73:$J73)) | L73: =IFERROR(IF(K73="","",ROUND(K73/$K$11*100,2)),"") | M73: =IFERROR(IF(L73="","",ROUND(L73*$M$11,2)),"") | Q73: =IF(COUNT($N73:$P73)=0,"",SUM($N73:$P73)) | R73: =IFERROR(IF(Q73="","",ROUND(Q73/$Q$11*100,2)),"") | S73: =IFERROR(IF(R73="","",ROUND(R73*$S$11,2)),"") | W73: =IF(COUNT($T73:$V73)=0,"",SUM($T73:$V73)) | X73: =IFERROR(IF(W73="","",ROUND(W73/$W$11*100,2)),"") | Y73: =IFERROR(IF(X73="","",ROUND(X73*$Y$11,2)),"") | Z73: =IFERROR(M73+S73+Y73,"") | AA73: =IFERROR(VLOOKUP(Z73,'Helper(IMPORTANT!)'!$CQ$1:$CR$41,2,TRUE),"") | AB73: {=IF(AA73="", "", _xlfn.IFS(AA73>=90, "A", AA73>=80, "B", AA73>=75, "C", AA73>=65, "D", AA73>=0, "E"))}
A74: 11 | B74: ='INPUT DATA'!O21 -> 0 | K74: =IF(COUNT($F74:$J74)=0,"",SUM($F74:$J74)) | L74: =IFERROR(IF(K74="","",ROUND(K74/$K$11*100,2)),"") | M74: =IFERROR(IF(L74="","",ROUND(L74*$M$11,2)),"") | Q74: =IF(COUNT($N74:$P74)=0,"",SUM($N74:$P74)) | R74: =IFERROR(IF(Q74="","",ROUND(Q74/$Q$11*100,2)),"") | S74: =IFERROR(IF(R74="","",ROUND(R74*$S$11,2)),"") | W74: =IF(COUNT($T74:$V74)=0,"",SUM($T74:$V74)) | X74: =IFERROR(IF(W74="","",ROUND(W74/$W$11*100,2)),"") | Y74: =IFERROR(IF(X74="","",ROUND(X74*$Y$11,2)),"") | Z74: =IFERROR(M74+S74+Y74,"") | AA74: =IFERROR(VLOOKUP(Z74,'Helper(IMPORTANT!)'!$CQ$1:$CR$41,2,TRUE),"") | AB74: {=IF(AA74="", "", _xlfn.IFS(AA74>=90, "A", AA74>=80, "B", AA74>=75, "C", AA74>=65, "D", AA74>=0, "E"))}
A75: 12 | B75: ='INPUT DATA'!O22 -> 0 | K75: =IF(COUNT($F75:$J75)=0,"",SUM($F75:$J75)) | L75: =IFERROR(IF(K75="","",ROUND(K75/$K$11*100,2)),"") | M75: =IFERROR(IF(L75="","",ROUND(L75*$M$11,2)),"") | Q75: =IF(COUNT($N75:$P75)=0,"",SUM($N75:$P75)) | R75: =IFERROR(IF(Q75="","",ROUND(Q75/$Q$11*100,2)),"") | S75: =IFERROR(IF(R75="","",ROUND(R75*$S$11,2)),"") | W75: =IF(COUNT($T75:$V75)=0,"",SUM($T75:$V75)) | X75: =IFERROR(IF(W75="","",ROUND(W75/$W$11*100,2)),"") | Y75: =IFERROR(IF(X75="","",ROUND(X75*$Y$11,2)),"") | Z75: =IFERROR(M75+S75+Y75,"") | AA75: =IFERROR(VLOOKUP(Z75,'Helper(IMPORTANT!)'!$CQ$1:$CR$41,2,TRUE),"") | AB75: {=IF(AA75="", "", _xlfn.IFS(AA75>=90, "A", AA75>=80, "B", AA75>=75, "C", AA75>=65, "D", AA75>=0, "E"))}
... A113: 50 | B113: ='INPUT DATA'!O60 -> 0 | K113: =IF(COUNT($F113:$J113)=0,"",SUM($F113:$J113)) | L113: =IFERROR(IF(K113="","",ROUND(K113/$K$11*100,2)),"") | M113: =IFERROR(IF(L113="","",ROUND(L113*$M$11,2)),"") | Q113: =IF(COUNT($N113:$P113)=0,"",SUM($N113:$P113)) | R113: =IFERROR(IF(Q113="","",ROUND(Q113/$Q$11*100,2)),"") | S113: =IFERROR(IF(R113="","",ROUND(R113*$S$11,2)),"") | W113: =IF(COUNT($T113:$V113)=0,"",SUM($T113:$V113)) | X113: =IFERROR(IF(W113="","",ROUND(W113/$W$11*100,2)),"") | Y113: =IFERROR(IF(X113="","",ROUND(X113*$Y$11,2)),"") | Z113: =IFERROR(M113+S113+Y113,"") | AA113: =IFERROR(VLOOKUP(Z113,'Helper(IMPORTANT!)'!$CQ$1:$CR$41,2,TRUE),"") | AB113: {=IF(AA113="", "", _xlfn.IFS(AA113>=90, "A", AA113>=80, "B", AA113>=75, "C", AA113>=65, "D", AA113>=0, "E"))}

Sheet TERM 2
A1: Strengthened Senior High School Class Record
A3: (Pursuant to Deped Order 8 series of 2015)
F4: REGION | G4: ='INPUT DATA'!F10 -> 0 | O4: DIVISION | R4: ='INPUT DATA'!F11 -> 0
F5: SCHOOL NAME | G5: ='INPUT DATA'!F14 -> 0 | O5: SCHOOL ID | R5: =IF('INPUT DATA'!F13="","", 'INPUT DATA'!F13) | W5: SCHOOL YEAR | Z5: ='INPUT DATA'!F16 -> 0
A7: SECOND TERM | F7: GRADE LEVEL AND SECTION | K7: ='INPUT DATA'!F24&" - "&'INPUT DATA'!F25 -> - DEPED TAMBAYAN | Q7: TEACHER: | S7: =IF('INPUT DATA'!F22="","", 'INPUT DATA'!F22) -> RICHARD R. RAQUENO | X7: SUBJECT: | Z7: =IF('INPUT DATA'!F30<>"",'INPUT DATA'!F30,'INPUT DATA'!F28) -> 0
Q8: TRACK: | S8: ='INPUT DATA'!F23 -> 0 | X8: SUBJECT TYPE: | Z8: ='INPUT DATA'!F26 -> 0
A9: LEARNERS' NAMES | F9: =IF('INPUT DATA'!$F$26="","",INDEX('Helper(IMPORTANT!)'!$CI$2:$CI$6,MATCH(Z8,'Helper(IMPORTANT!)'!$CH$2:$CH$6,0))) | N9: =IF('INPUT DATA'!$F$26="","",INDEX('Helper(IMPORTANT!)'!$CJ$2:$CJ$6,MATCH(Z8,'Helper(IMPORTANT!)'!$CH$2:$CH$6,0))) | T9: =IF('INPUT DATA'!$F$26="","",INDEX('Helper(IMPORTANT!)'!$CK$2:$CK$6,MATCH(Z8,'Helper(IMPORTANT!)'!$CH$2:$CH$6,0))) | Z9: Initial Grade | AA9: Transmuted Grade | AB9: Letter Grade
F10: 1 | G10: 2 | H10: 3 | I10: 4 | J10: 5 | K10: Total | L10: PS | M10: WS | N10: 1 | O10: 2 | P10: 3 | Q10: Total | R10: PS | S10: WS | T10: SA1 | U10: SA2 | V10: TE | W10: Total | X10: PS | Y10: WS
A11: HIGHEST POSSIBLE SCORE | K11: =IF(COUNT($F11:$J11)=0,"",SUM($F11:$J11)) | L11: 100 | M11: =IF('INPUT DATA'!$F$26="","",INDEX('Helper(IMPORTANT!)'!$CL$2:$CL$6,MATCH(Z8,'Helper(IMPORTANT!)'!$CH$2:$CH$6,0))) | Q11: =IF(COUNT($N11:$P11)=0,"",SUM($N11:$P11)) | R11: 100 | S11: =IF('INPUT DATA'!$F$26="","",INDEX('Helper(IMPORTANT!)'!$CM$2:$CM$6,MATCH(Z8,'Helper(IMPORTANT!)'!$CH$2:$CH$6,0))) | W11: =IF(COUNT($T11:$V11)=0,"",SUM($T11:$V11)) | X11: 100 | Y11: =IF('INPUT DATA'!$F$26="","",INDEX('Helper(IMPORTANT!)'!$CN$2:$CN$6,MATCH(Z8,'Helper(IMPORTANT!)'!$CH$2:$CH$6,0)))
A12: MALE
A13: 1 | B13: ='INPUT DATA'!L11 -> 0 | K13: =IF(COUNT($F13:$J13)=0,"",SUM($F13:$J13)) | L13: =IFERROR(IF(K13="","",ROUND(K13/$K$11*100,2)),"") | M13: =IFERROR(IF(L13="","",ROUND(L13*$M$11,2)),"") | Q13: =IF(COUNT($N13:$P13)=0,"",SUM($N13:$P13)) | R13: =IFERROR(IF(Q13="","",ROUND(Q13/$Q$11*100,2)),"") | S13: =IFERROR(IF(R13="","",ROUND(R13*$S$11,2)),"") | W13: =IF(COUNT($T13:$V13)=0,"",SUM($T13:$V13)) | X13: =IFERROR(IF(W13="","",ROUND(W13/$W$11*100,2)),"") | Y13: =IFERROR(IF(X13="","",ROUND(X13*$Y$11,2)),"") | Z13: =IFERROR(M13+S13+Y13,"") | AA13: =IFERROR(VLOOKUP(Z13,'Helper(IMPORTANT!)'!$CQ$1:$CR$41,2,TRUE),"") | AB13: {=IF(AA13="", "", _xlfn.IFS(AA13>=90, "A", AA13>=80, "B", AA13>=75, "C", AA13>=65, "D", AA13>=0, "E"))}
A14: 2 | B14: ='INPUT DATA'!L12 -> 0 | K14: =IF(COUNT($F14:$J14)=0,"",SUM($F14:$J14)) | L14: =IFERROR(IF(K14="","",ROUND(K14/$K$11*100,2)),"") | M14: =IFERROR(IF(L14="","",ROUND(L14*$M$11,2)),"") | Q14: =IF(COUNT($N14:$P14)=0,"",SUM($N14:$P14)) | R14: =IFERROR(IF(Q14="","",ROUND(Q14/$Q$11*100,2)),"") | S14: =IFERROR(IF(R14="","",ROUND(R14*$S$11,2)),"") | W14: =IF(COUNT($T14:$V14)=0,"",SUM($T14:$V14)) | X14: =IFERROR(IF(W14="","",ROUND(W14/$W$11*100,2)),"") | Y14: =IFERROR(IF(X14="","",ROUND(X14*$Y$11,2)),"") | Z14: =IFERROR(M14+S14+Y14,"") | AA14: =IFERROR(VLOOKUP(Z14,'Helper(IMPORTANT!)'!$CQ$1:$CR$41,2,TRUE),"") | AB14: {=IF(AA14="", "", _xlfn.IFS(AA14>=90, "A", AA14>=80, "B", AA14>=75, "C", AA14>=65, "D", AA14>=0, "E"))}
A15: 3 | B15: ='INPUT DATA'!L13 -> 0 | K15: =IF(COUNT($F15:$J15)=0,"",SUM($F15:$J15)) | L15: =IFERROR(IF(K15="","",ROUND(K15/$K$11*100,2)),"") | M15: =IFERROR(IF(L15="","",ROUND(L15*$M$11,2)),"") | Q15: =IF(COUNT($N15:$P15)=0,"",SUM($N15:$P15)) | R15: =IFERROR(IF(Q15="","",ROUND(Q15/$Q$11*100,2)),"") | S15: =IFERROR(IF(R15="","",ROUND(R15*$S$11,2)),"") | W15: =IF(COUNT($T15:$V15)=0,"",SUM($T15:$V15)) | X15: =IFERROR(IF(W15="","",ROUND(W15/$W$11*100,2)),"") | Y15: =IFERROR(IF(X15="","",ROUND(X15*$Y$11,2)),"") | Z15: =IFERROR(M15+S15+Y15,"") | AA15: =IFERROR(VLOOKUP(Z15,'Helper(IMPORTANT!)'!$CQ$1:$CR$41,2,TRUE),"") | AB15: {=IF(AA15="", "", _xlfn.IFS(AA15>=90, "A", AA15>=80, "B", AA15>=75, "C", AA15>=65, "D", AA15>=0, "E"))}
A16: 4 | B16: ='INPUT DATA'!L14 -> 0 | K16: =IF(COUNT($F16:$J16)=0,"",SUM($F16:$J16)) | L16: =IFERROR(IF(K16="","",ROUND(K16/$K$11*100,2)),"") | M16: =IFERROR(IF(L16="","",ROUND(L16*$M$11,2)),"") | Q16: =IF(COUNT($N16:$P16)=0,"",SUM($N16:$P16)) | R16: =IFERROR(IF(Q16="","",ROUND(Q16/$Q$11*100,2)),"") | S16: =IFERROR(IF(R16="","",ROUND(R16*$S$11,2)),"") | W16: =IF(COUNT($T16:$V16)=0,"",SUM($T16:$V16)) | X16: =IFERROR(IF(W16="","",ROUND(W16/$W$11*100,2)),"") | Y16: =IFERROR(IF(X16="","",ROUND(X16*$Y$11,2)),"") | Z16: =IFERROR(M16+S16+Y16,"") | AA16: =IFERROR(VLOOKUP(Z16,'Helper(IMPORTANT!)'!$CQ$1:$CR$41,2,TRUE),"") | AB16: {=IF(AA16="", "", _xlfn.IFS(AA16>=90, "A", AA16>=80, "B", AA16>=75, "C", AA16>=65, "D", AA16>=0, "E"))}
A17: 5 | B17: ='INPUT DATA'!L15 -> 0 | K17: =IF(COUNT($F17:$J17)=0,"",SUM($F17:$J17)) | L17: =IFERROR(IF(K17="","",ROUND(K17/$K$11*100,2)),"") | M17: =IFERROR(IF(L17="","",ROUND(L17*$M$11,2)),"") | Q17: =IF(COUNT($N17:$P17)=0,"",SUM($N17:$P17)) | R17: =IFERROR(IF(Q17="","",ROUND(Q17/$Q$11*100,2)),"") | S17: =IFERROR(IF(R17="","",ROUND(R17*$S$11,2)),"") | W17: =IF(COUNT($T17:$V17)=0,"",SUM($T17:$V17)) | X17: =IFERROR(IF(W17="","",ROUND(W17/$W$11*100,2)),"") | Y17: =IFERROR(IF(X17="","",ROUND(X17*$Y$11,2)),"") | Z17: =IFERROR(M17+S17+Y17,"") | AA17: =IFERROR(VLOOKUP(Z17,'Helper(IMPORTANT!)'!$CQ$1:$CR$41,2,TRUE),"") | AB17: {=IF(AA17="", "", _xlfn.IFS(AA17>=90, "A", AA17>=80, "B", AA17>=75, "C", AA17>=65, "D", AA17>=0, "E"))}
A18: 6 | B18: ='INPUT DATA'!L16 -> 0 | K18: =IF(COUNT($F18:$J18)=0,"",SUM($F18:$J18)) | L18: =IFERROR(IF(K18="","",ROUND(K18/$K$11*100,2)),"") | M18: =IFERROR(IF(L18="","",ROUND(L18*$M$11,2)),"") | Q18: =IF(COUNT($N18:$P18)=0,"",SUM($N18:$P18)) | R18: =IFERROR(IF(Q18="","",ROUND(Q18/$Q$11*100,2)),"") | S18: =IFERROR(IF(R18="","",ROUND(R18*$S$11,2)),"") | W18: =IF(COUNT($T18:$V18)=0,"",SUM($T18:$V18)) | X18: =IFERROR(IF(W18="","",ROUND(W18/$W$11*100,2)),"") | Y18: =IFERROR(IF(X18="","",ROUND(X18*$Y$11,2)),"") | Z18: =IFERROR(M18+S18+Y18,"") | AA18: =IFERROR(VLOOKUP(Z18,'Helper(IMPORTANT!)'!$CQ$1:$CR$41,2,TRUE),"") | AB18: {=IF(AA18="", "", _xlfn.IFS(AA18>=90, "A", AA18>=80, "B", AA18>=75, "C", AA18>=65, "D", AA18>=0, "E"))}
A19: 7 | B19: ='INPUT DATA'!L17 -> 0 | K19: =IF(COUNT($F19:$J19)=0,"",SUM($F19:$J19)) | L19: =IFERROR(IF(K19="","",ROUND(K19/$K$11*100,2)),"") | M19: =IFERROR(IF(L19="","",ROUND(L19*$M$11,2)),"") | Q19: =IF(COUNT($N19:$P19)=0,"",SUM($N19:$P19)) | R19: =IFERROR(IF(Q19="","",ROUND(Q19/$Q$11*100,2)),"") | S19: =IFERROR(IF(R19="","",ROUND(R19*$S$11,2)),"") | W19: =IF(COUNT($T19:$V19)=0,"",SUM($T19:$V19)) | X19: =IFERROR(IF(W19="","",ROUND(W19/$W$11*100,2)),"") | Y19: =IFERROR(IF(X19="","",ROUND(X19*$Y$11,2)),"") | Z19: =IFERROR(M19+S19+Y19,"") | AA19: =IFERROR(VLOOKUP(Z19,'Helper(IMPORTANT!)'!$CQ$1:$CR$41,2,TRUE),"") | AB19: {=IF(AA19="", "", _xlfn.IFS(AA19>=90, "A", AA19>=80, "B", AA19>=75, "C", AA19>=65, "D", AA19>=0, "E"))}
A20: 8 | B20: ='INPUT DATA'!L18 -> 0 | K20: =IF(COUNT($F20:$J20)=0,"",SUM($F20:$J20)) | L20: =IFERROR(IF(K20="","",ROUND(K20/$K$11*100,2)),"") | M20: =IFERROR(IF(L20="","",ROUND(L20*$M$11,2)),"") | Q20: =IF(COUNT($N20:$P20)=0,"",SUM($N20:$P20)) | R20: =IFERROR(IF(Q20="","",ROUND(Q20/$Q$11*100,2)),"") | S20: =IFERROR(IF(R20="","",ROUND(R20*$S$11,2)),"") | W20: =IF(COUNT($T20:$V20)=0,"",SUM($T20:$V20)) | X20: =IFERROR(IF(W20="","",ROUND(W20/$W$11*100,2)),"") | Y20: =IFERROR(IF(X20="","",ROUND(X20*$Y$11,2)),"") | Z20: =IFERROR(M20+S20+Y20,"") | AA20: =IFERROR(VLOOKUP(Z20,'Helper(IMPORTANT!)'!$CQ$1:$CR$41,2,TRUE),"") | AB20: {=IF(AA20="", "", _xlfn.IFS(AA20>=90, "A", AA20>=80, "B", AA20>=75, "C", AA20>=65, "D", AA20>=0, "E"))}
A21: 9 | B21: ='INPUT DATA'!L19 -> 0 | K21: =IF(COUNT($F21:$J21)=0,"",SUM($F21:$J21)) | L21: =IFERROR(IF(K21="","",ROUND(K21/$K$11*100,2)),"") | M21: =IFERROR(IF(L21="","",ROUND(L21*$M$11,2)),"") | Q21: =IF(COUNT($N21:$P21)=0,"",SUM($N21:$P21)) | R21: =IFERROR(IF(Q21="","",ROUND(Q21/$Q$11*100,2)),"") | S21: =IFERROR(IF(R21="","",ROUND(R21*$S$11,2)),"") | W21: =IF(COUNT($T21:$V21)=0,"",SUM($T21:$V21)) | X21: =IFERROR(IF(W21="","",ROUND(W21/$W$11*100,2)),"") | Y21: =IFERROR(IF(X21="","",ROUND(X21*$Y$11,2)),"") | Z21: =IFERROR(M21+S21+Y21,"") | AA21: =IFERROR(VLOOKUP(Z21,'Helper(IMPORTANT!)'!$CQ$1:$CR$41,2,TRUE),"") | AB21: {=IF(AA21="", "", _xlfn.IFS(AA21>=90, "A", AA21>=80, "B", AA21>=75, "C", AA21>=65, "D", AA21>=0, "E"))}
A22: 10 | B22: ='INPUT DATA'!L20 -> 0 | K22: =IF(COUNT($F22:$J22)=0,"",SUM($F22:$J22)) | L22: =IFERROR(IF(K22="","",ROUND(K22/$K$11*100,2)),"") | M22: =IFERROR(IF(L22="","",ROUND(L22*$M$11,2)),"") | Q22: =IF(COUNT($N22:$P22)=0,"",SUM($N22:$P22)) | R22: =IFERROR(IF(Q22="","",ROUND(Q22/$Q$11*100,2)),"") | S22: =IFERROR(IF(R22="","",ROUND(R22*$S$11,2)),"") | W22: =IF(COUNT($T22:$V22)=0,"",SUM($T22:$V22)) | X22: =IFERROR(IF(W22="","",ROUND(W22/$W$11*100,2)),"") | Y22: =IFERROR(IF(X22="","",ROUND(X22*$Y$11,2)),"") | Z22: =IFERROR(M22+S22+Y22,"") | AA22: =IFERROR(VLOOKUP(Z22,'Helper(IMPORTANT!)'!$CQ$1:$CR$41,2,TRUE),"") | AB22: {=IF(AA22="", "", _xlfn.IFS(AA22>=90, "A", AA22>=80, "B", AA22>=75, "C", AA22>=65, "D", AA22>=0, "E"))}
A23: 11 | B23: ='INPUT DATA'!L21 -> 0 | K23: =IF(COUNT($F23:$J23)=0,"",SUM($F23:$J23)) | L23: =IFERROR(IF(K23="","",ROUND(K23/$K$11*100,2)),"") | M23: =IFERROR(IF(L23="","",ROUND(L23*$M$11,2)),"") | Q23: =IF(COUNT($N23:$P23)=0,"",SUM($N23:$P23)) | R23: =IFERROR(IF(Q23="","",ROUND(Q23/$Q$11*100,2)),"") | S23: =IFERROR(IF(R23="","",ROUND(R23*$S$11,2)),"") | W23: =IF(COUNT($T23:$V23)=0,"",SUM($T23:$V23)) | X23: =IFERROR(IF(W23="","",ROUND(W23/$W$11*100,2)),"") | Y23: =IFERROR(IF(X23="","",ROUND(X23*$Y$11,2)),"") | Z23: =IFERROR(M23+S23+Y23,"") | AA23: =IFERROR(VLOOKUP(Z23,'Helper(IMPORTANT!)'!$CQ$1:$CR$41,2,TRUE),"") | AB23: {=IF(AA23="", "", _xlfn.IFS(AA23>=90, "A", AA23>=80, "B", AA23>=75, "C", AA23>=65, "D", AA23>=0, "E"))}
A24: 12 | B24: ='INPUT DATA'!L22 -> 0 | K24: =IF(COUNT($F24:$J24)=0,"",SUM($F24:$J24)) | L24: =IFERROR(IF(K24="","",ROUND(K24/$K$11*100,2)),"") | M24: =IFERROR(IF(L24="","",ROUND(L24*$M$11,2)),"") | Q24: =IF(COUNT($N24:$P24)=0,"",SUM($N24:$P24)) | R24: =IFERROR(IF(Q24="","",ROUND(Q24/$Q$11*100,2)),"") | S24: =IFERROR(IF(R24="","",ROUND(R24*$S$11,2)),"") | W24: =IF(COUNT($T24:$V24)=0,"",SUM($T24:$V24)) | X24: =IFERROR(IF(W24="","",ROUND(W24/$W$11*100,2)),"") | Y24: =IFERROR(IF(X24="","",ROUND(X24*$Y$11,2)),"") | Z24: =IFERROR(M24+S24+Y24,"") | AA24: =IFERROR(VLOOKUP(Z24,'Helper(IMPORTANT!)'!$CQ$1:$CR$41,2,TRUE),"") | AB24: {=IF(AA24="", "", _xlfn.IFS(AA24>=90, "A", AA24>=80, "B", AA24>=75, "C", AA24>=65, "D", AA24>=0, "E"))}
... A60: 48 | B60: ='INPUT DATA'!L58 -> 0 | K60: =IF(COUNT($F60:$J60)=0,"",SUM($F60:$J60)) | L60: =IFERROR(IF(K60="","",ROUND(K60/$K$11*100,2)),"") | M60: =IFERROR(IF(L60="","",ROUND(L60*$M$11,2)),"") | Q60: =IF(COUNT($N60:$P60)=0,"",SUM($N60:$P60)) | R60: =IFERROR(IF(Q60="","",ROUND(Q60/$Q$11*100,2)),"") | S60: =IFERROR(IF(R60="","",ROUND(R60*$S$11,2)),"") | W60: =IF(COUNT($T60:$V60)=0,"",SUM($T60:$V60)) | X60: =IFERROR(IF(W60="","",ROUND(W60/$W$11*100,2)),"") | Y60: =IFERROR(IF(X60="","",ROUND(X60*$Y$11,2)),"") | Z60: =IFERROR(M60+S60+Y60,"") | AA60: =IFERROR(VLOOKUP(Z60,'Helper(IMPORTANT!)'!$CQ$1:$CR$41,2,TRUE),"") | AB60: {=IF(AA60="", "", _xlfn.IFS(AA60>=90, "A", AA60>=80, "B", AA60>=75, "C", AA60>=65, "D", AA60>=0, "E"))}
A61: 49 | B61: ='INPUT DATA'!L59 -> 0 | F61: 5 | K61: =IF(COUNT($F61:$J61)=0,"",SUM($F61:$J61)) -> 5 | L61: =IFERROR(IF(K61="","",ROUND(K61/$K$11*100,2)),"") | M61: =IFERROR(IF(L61="","",ROUND(L61*$M$11,2)),"") | N61: 8 | Q61: =IF(COUNT($N61:$P61)=0,"",SUM($N61:$P61)) -> 8 | R61: =IFERROR(IF(Q61="","",ROUND(Q61/$Q$11*100,2)),"") | S61: =IFERROR(IF(R61="","",ROUND(R61*$S$11,2)),"") | T61: 9 | W61: =IF(COUNT($T61:$V61)=0,"",SUM($T61:$V61)) -> 9 | X61: =IFERROR(IF(W61="","",ROUND(W61/$W$11*100,2)),"") | Y61: =IFERROR(IF(X61="","",ROUND(X61*$Y$11,2)),"") | Z61: =IFERROR(M61+S61+Y61,"") | AA61: =IFERROR(VLOOKUP(Z61,'Helper(IMPORTANT!)'!$CQ$1:$CR$41,2,TRUE),"") | AB61: {=IF(AA61="", "", _xlfn.IFS(AA61>=90, "A", AA61>=80, "B", AA61>=75, "C", AA61>=65, "D", AA61>=0, "E"))}
A62: 50 | B62: ='INPUT DATA'!L60 -> RAQUENO, RICHARD R. | K62: =IF(COUNT($F62:$J62)=0,"",SUM($F62:$J62)) | L62: =IFERROR(IF(K62="","",ROUND(K62/$K$11*100,2)),"") | M62: =IFERROR(IF(L62="","",ROUND(L62*$M$11,2)),"") | Q62: =IF(COUNT($N62:$P62)=0,"",SUM($N62:$P62)) | R62: =IFERROR(IF(Q62="","",ROUND(Q62/$Q$11*100,2)),"") | S62: =IFERROR(IF(R62="","",ROUND(R62*$S$11,2)),"") | W62: =IF(COUNT($T62:$V62)=0,"",SUM($T62:$V62)) | X62: =IFERROR(IF(W62="","",ROUND(W62/$W$11*100,2)),"") | Y62: =IFERROR(IF(X62="","",ROUND(X62*$Y$11,2)),"") | Z62: =IFERROR(M62+S62+Y62,"") | AA62: =IFERROR(VLOOKUP(Z62,'Helper(IMPORTANT!)'!$CQ$1:$CR$41,2,TRUE),"") | AB62: {=IF(AA62="", "", _xlfn.IFS(AA62>=90, "A", AA62>=80, "B", AA62>=75, "C", AA62>=65, "D", AA62>=0, "E"))}
A63: FEMALE
A64: 1 | B64: ='INPUT DATA'!O11 -> 0 | F64: 9 | G64: 9 | H64: 9 | K64: =IF(COUNT($F64:$J64)=0,"",SUM($F64:$J64)) -> 27 | L64: =IFERROR(IF(K64="","",ROUND(K64/$K$11*100,2)),"") | M64: =IFERROR(IF(L64="","",ROUND(L64*$M$11,2)),"") | N64: 8 | O64: 8 | P64: 9 | Q64: =IF(COUNT($N64:$P64)=0,"",SUM($N64:$P64)) -> 25 | R64: =IFERROR(IF(Q64="","",ROUND(Q64/$Q$11*100,2)),"") | S64: =IFERROR(IF(R64="","",ROUND(R64*$S$11,2)),"") | T64: 8 | U64: 8 | V64: 9 | W64: =IF(COUNT($T64:$V64)=0,"",SUM($T64:$V64)) -> 25 | X64: =IFERROR(IF(W64="","",ROUND(W64/$W$11*100,2)),"") | Y64: =IFERROR(IF(X64="","",ROUND(X64*$Y$11,2)),"") | Z64: =IFERROR(M64+S64+Y64,"") | AA64: =IFERROR(VLOOKUP(Z64,'Helper(IMPORTANT!)'!$CQ$1:$CR$41,2,TRUE),"") | AB64: {=IF(AA64="", "", _xlfn.IFS(AA64>=90, "A", AA64>=80, "B", AA64>=75, "C", AA64>=65, "D", AA64>=0, "E"))}
A65: 2 | B65: ='INPUT DATA'!O12 -> 0 | K65: =IF(COUNT($F65:$J65)=0,"",SUM($F65:$J65)) | L65: =IFERROR(IF(K65="","",ROUND(K65/$K$11*100,2)),"") | M65: =IFERROR(IF(L65="","",ROUND(L65*$M$11,2)),"") | Q65: =IF(COUNT($N65:$P65)=0,"",SUM($N65:$P65)) | R65: =IFERROR(IF(Q65="","",ROUND(Q65/$Q$11*100,2)),"") | S65: =IFERROR(IF(R65="","",ROUND(R65*$S$11,2)),"") | W65: =IF(COUNT($T65:$V65)=0,"",SUM($T65:$V65)) | X65: =IFERROR(IF(W65="","",ROUND(W65/$W$11*100,2)),"") | Y65: =IFERROR(IF(X65="","",ROUND(X65*$Y$11,2)),"") | Z65: =IFERROR(M65+S65+Y65,"") | AA65: =IFERROR(VLOOKUP(Z65,'Helper(IMPORTANT!)'!$CQ$1:$CR$41,2,TRUE),"") | AB65: {=IF(AA65="", "", _xlfn.IFS(AA65>=90, "A", AA65>=80, "B", AA65>=75, "C", AA65>=65, "D", AA65>=0, "E"))}
A66: 3 | B66: ='INPUT DATA'!O13 -> 0 | K66: =IF(COUNT($F66:$J66)=0,"",SUM($F66:$J66)) | L66: =IFERROR(IF(K66="","",ROUND(K66/$K$11*100,2)),"") | M66: =IFERROR(IF(L66="","",ROUND(L66*$M$11,2)),"") | Q66: =IF(COUNT($N66:$P66)=0,"",SUM($N66:$P66)) | R66: =IFERROR(IF(Q66="","",ROUND(Q66/$Q$11*100,2)),"") | S66: =IFERROR(IF(R66="","",ROUND(R66*$S$11,2)),"") | W66: =IF(COUNT($T66:$V66)=0,"",SUM($T66:$V66)) | X66: =IFERROR(IF(W66="","",ROUND(W66/$W$11*100,2)),"") | Y66: =IFERROR(IF(X66="","",ROUND(X66*$Y$11,2)),"") | Z66: =IFERROR(M66+S66+Y66,"") | AA66: =IFERROR(VLOOKUP(Z66,'Helper(IMPORTANT!)'!$CQ$1:$CR$41,2,TRUE),"") | AB66: {=IF(AA66="", "", _xlfn.IFS(AA66>=90, "A", AA66>=80, "B", AA66>=75, "C", AA66>=65, "D", AA66>=0, "E"))}
A67: 4 | B67: ='INPUT DATA'!O14 -> 0 | K67: =IF(COUNT($F67:$J67)=0,"",SUM($F67:$J67)) | L67: =IFERROR(IF(K67="","",ROUND(K67/$K$11*100,2)),"") | M67: =IFERROR(IF(L67="","",ROUND(L67*$M$11,2)),"") | Q67: =IF(COUNT($N67:$P67)=0,"",SUM($N67:$P67)) | R67: =IFERROR(IF(Q67="","",ROUND(Q67/$Q$11*100,2)),"") | S67: =IFERROR(IF(R67="","",ROUND(R67*$S$11,2)),"") | W67: =IF(COUNT($T67:$V67)=0,"",SUM($T67:$V67)) | X67: =IFERROR(IF(W67="","",ROUND(W67/$W$11*100,2)),"") | Y67: =IFERROR(IF(X67="","",ROUND(X67*$Y$11,2)),"") | Z67: =IFERROR(M67+S67+Y67,"") | AA67: =IFERROR(VLOOKUP(Z67,'Helper(IMPORTANT!)'!$CQ$1:$CR$41,2,TRUE),"") | AB67: {=IF(AA67="", "", _xlfn.IFS(AA67>=90, "A", AA67>=80, "B", AA67>=75, "C", AA67>=65, "D", AA67>=0, "E"))}
A68: 5 | B68: ='INPUT DATA'!O15 -> 0 | K68: =IF(COUNT($F68:$J68)=0,"",SUM($F68:$J68)) | L68: =IFERROR(IF(K68="","",ROUND(K68/$K$11*100,2)),"") | M68: =IFERROR(IF(L68="","",ROUND(L68*$M$11,2)),"") | Q68: =IF(COUNT($N68:$P68)=0,"",SUM($N68:$P68)) | R68: =IFERROR(IF(Q68="","",ROUND(Q68/$Q$11*100,2)),"") | S68: =IFERROR(IF(R68="","",ROUND(R68*$S$11,2)),"") | W68: =IF(COUNT($T68:$V68)=0,"",SUM($T68:$V68)) | X68: =IFERROR(IF(W68="","",ROUND(W68/$W$11*100,2)),"") | Y68: =IFERROR(IF(X68="","",ROUND(X68*$Y$11,2)),"") | Z68: =IFERROR(M68+S68+Y68,"") | AA68: =IFERROR(VLOOKUP(Z68,'Helper(IMPORTANT!)'!$CQ$1:$CR$41,2,TRUE),"") | AB68: {=IF(AA68="", "", _xlfn.IFS(AA68>=90, "A", AA68>=80, "B", AA68>=75, "C", AA68>=65, "D", AA68>=0, "E"))}
A69: 6 | B69: ='INPUT DATA'!O16 -> 0 | K69: =IF(COUNT($F69:$J69)=0,"",SUM($F69:$J69)) | L69: =IFERROR(IF(K69="","",ROUND(K69/$K$11*100,2)),"") | M69: =IFERROR(IF(L69="","",ROUND(L69*$M$11,2)),"") | Q69: =IF(COUNT($N69:$P69)=0,"",SUM($N69:$P69)) | R69: =IFERROR(IF(Q69="","",ROUND(Q69/$Q$11*100,2)),"") | S69: =IFERROR(IF(R69="","",ROUND(R69*$S$11,2)),"") | W69: =IF(COUNT($T69:$V69)=0,"",SUM($T69:$V69)) | X69: =IFERROR(IF(W69="","",ROUND(W69/$W$11*100,2)),"") | Y69: =IFERROR(IF(X69="","",ROUND(X69*$Y$11,2)),"") | Z69: =IFERROR(M69+S69+Y69,"") | AA69: =IFERROR(VLOOKUP(Z69,'Helper(IMPORTANT!)'!$CQ$1:$CR$41,2,TRUE),"") | AB69: {=IF(AA69="", "", _xlfn.IFS(AA69>=90, "A", AA69>=80, "B", AA69>=75, "C", AA69>=65, "D", AA69>=0, "E"))}
A70: 7 | B70: ='INPUT DATA'!O17 -> 0 | K70: =IF(COUNT($F70:$J70)=0,"",SUM($F70:$J70)) | L70: =IFERROR(IF(K70="","",ROUND(K70/$K$11*100,2)),"") | M70: =IFERROR(IF(L70="","",ROUND(L70*$M$11,2)),"") | Q70: =IF(COUNT($N70:$P70)=0,"",SUM($N70:$P70)) | R70: =IFERROR(IF(Q70="","",ROUND(Q70/$Q$11*100,2)),"") | S70: =IFERROR(IF(R70="","",ROUND(R70*$S$11,2)),"") | W70: =IF(COUNT($T70:$V70)=0,"",SUM($T70:$V70)) | X70: =IFERROR(IF(W70="","",ROUND(W70/$W$11*100,2)),"") | Y70: =IFERROR(IF(X70="","",ROUND(X70*$Y$11,2)),"") | Z70: =IFERROR(M70+S70+Y70,"") | AA70: =IFERROR(VLOOKUP(Z70,'Helper(IMPORTANT!)'!$CQ$1:$CR$41,2,TRUE),"") | AB70: {=IF(AA70="", "", _xlfn.IFS(AA70>=90, "A", AA70>=80, "B", AA70>=75, "C", AA70>=65, "D", AA70>=0, "E"))}
A71: 8 | B71: ='INPUT DATA'!O18 -> 0 | K71: =IF(COUNT($F71:$J71)=0,"",SUM($F71:$J71)) | L71: =IFERROR(IF(K71="","",ROUND(K71/$K$11*100,2)),"") | M71: =IFERROR(IF(L71="","",ROUND(L71*$M$11,2)),"") | Q71: =IF(COUNT($N71:$P71)=0,"",SUM($N71:$P71)) | R71: =IFERROR(IF(Q71="","",ROUND(Q71/$Q$11*100,2)),"") | S71: =IFERROR(IF(R71="","",ROUND(R71*$S$11,2)),"") | W71: =IF(COUNT($T71:$V71)=0,"",SUM($T71:$V71)) | X71: =IFERROR(IF(W71="","",ROUND(W71/$W$11*100,2)),"") | Y71: =IFERROR(IF(X71="","",ROUND(X71*$Y$11,2)),"") | Z71: =IFERROR(M71+S71+Y71,"") | AA71: =IFERROR(VLOOKUP(Z71,'Helper(IMPORTANT!)'!$CQ$1:$CR$41,2,TRUE),"") | AB71: {=IF(AA71="", "", _xlfn.IFS(AA71>=90, "A", AA71>=80, "B", AA71>=75, "C", AA71>=65, "D", AA71>=0, "E"))}
A72: 9 | B72: ='INPUT DATA'!O19 -> 0 | K72: =IF(COUNT($F72:$J72)=0,"",SUM($F72:$J72)) | L72: =IFERROR(IF(K72="","",ROUND(K72/$K$11*100,2)),"") | M72: =IFERROR(IF(L72="","",ROUND(L72*$M$11,2)),"") | Q72: =IF(COUNT($N72:$P72)=0,"",SUM($N72:$P72)) | R72: =IFERROR(IF(Q72="","",ROUND(Q72/$Q$11*100,2)),"") | S72: =IFERROR(IF(R72="","",ROUND(R72*$S$11,2)),"") | W72: =IF(COUNT($T72:$V72)=0,"",SUM($T72:$V72)) | X72: =IFERROR(IF(W72="","",ROUND(W72/$W$11*100,2)),"") | Y72: =IFERROR(IF(X72="","",ROUND(X72*$Y$11,2)),"") | Z72: =IFERROR(M72+S72+Y72,"") | AA72: =IFERROR(VLOOKUP(Z72,'Helper(IMPORTANT!)'!$CQ$1:$CR$41,2,TRUE),"") | AB72: {=IF(AA72="", "", _xlfn.IFS(AA72>=90, "A", AA72>=80, "B", AA72>=75, "C", AA72>=65, "D", AA72>=0, "E"))}
A73: 10 | B73: ='INPUT DATA'!O20 -> 0 | K73: =IF(COUNT($F73:$J73)=0,"",SUM($F73:$J73)) | L73: =IFERROR(IF(K73="","",ROUND(K73/$K$11*100,2)),"") | M73: =IFERROR(IF(L73="","",ROUND(L73*$M$11,2)),"") | Q73: =IF(COUNT($N73:$P73)=0,"",SUM($N73:$P73)) | R73: =IFERROR(IF(Q73="","",ROUND(Q73/$Q$11*100,2)),"") | S73: =IFERROR(IF(R73="","",ROUND(R73*$S$11,2)),"") | W73: =IF(COUNT($T73:$V73)=0,"",SUM($T73:$V73)) | X73: =IFERROR(IF(W73="","",ROUND(W73/$W$11*100,2)),"") | Y73: =IFERROR(IF(X73="","",ROUND(X73*$Y$11,2)),"") | Z73: =IFERROR(M73+S73+Y73,"") | AA73: =IFERROR(VLOOKUP(Z73,'Helper(IMPORTANT!)'!$CQ$1:$CR$41,2,TRUE),"") | AB73: {=IF(AA73="", "", _xlfn.IFS(AA73>=90, "A", AA73>=80, "B", AA73>=75, "C", AA73>=65, "D", AA73>=0, "E"))}
A74: 11 | B74: ='INPUT DATA'!O21 -> 0 | K74: =IF(COUNT($F74:$J74)=0,"",SUM($F74:$J74)) | L74: =IFERROR(IF(K74="","",ROUND(K74/$K$11*100,2)),"") | M74: =IFERROR(IF(L74="","",ROUND(L74*$M$11,2)),"") | Q74: =IF(COUNT($N74:$P74)=0,"",SUM($N74:$P74)) | R74: =IFERROR(IF(Q74="","",ROUND(Q74/$Q$11*100,2)),"") | S74: =IFERROR(IF(R74="","",ROUND(R74*$S$11,2)),"") | W74: =IF(COUNT($T74:$V74)=0,"",SUM($T74:$V74)) | X74: =IFERROR(IF(W74="","",ROUND(W74/$W$11*100,2)),"") | Y74: =IFERROR(IF(X74="","",ROUND(X74*$Y$11,2)),"") | Z74: =IFERROR(M74+S74+Y74,"") | AA74: =IFERROR(VLOOKUP(Z74,'Helper(IMPORTANT!)'!$CQ$1:$CR$41,2,TRUE),"") | AB74: {=IF(AA74="", "", _xlfn.IFS(AA74>=90, "A", AA74>=80, "B", AA74>=75, "C", AA74>=65, "D", AA74>=0, "E"))}
A75: 12 | B75: ='INPUT DATA'!O22 -> 0 | K75: =IF(COUNT($F75:$J75)=0,"",SUM($F75:$J75)) | L75: =IFERROR(IF(K75="","",ROUND(K75/$K$11*100,2)),"") | M75: =IFERROR(IF(L75="","",ROUND(L75*$M$11,2)),"") | Q75: =IF(COUNT($N75:$P75)=0,"",SUM($N75:$P75)) | R75: =IFERROR(IF(Q75="","",ROUND(Q75/$Q$11*100,2)),"") | S75: =IFERROR(IF(R75="","",ROUND(R75*$S$11,2)),"") | W75: =IF(COUNT($T75:$V75)=0,"",SUM($T75:$V75)) | X75: =IFERROR(IF(W75="","",ROUND(W75/$W$11*100,2)),"") | Y75: =IFERROR(IF(X75="","",ROUND(X75*$Y$11,2)),"") | Z75: =IFERROR(M75+S75+Y75,"") | AA75: =IFERROR(VLOOKUP(Z75,'Helper(IMPORTANT!)'!$CQ$1:$CR$41,2,TRUE),"") | AB75: {=IF(AA75="", "", _xlfn.IFS(AA75>=90, "A", AA75>=80, "B", AA75>=75, "C", AA75>=65, "D", AA75>=0, "E"))}
A76: 13 | B76: ='INPUT DATA'!O23 -> 0 | K76: =IF(COUNT($F76:$J76)=0,"",SUM($F76:$J76)) | L76: =IFERROR(IF(K76="","",ROUND(K76/$K$11*100,2)),"") | M76: =IFERROR(IF(L76="","",ROUND(L76*$M$11,2)),"") | Q76: =IF(COUNT($N76:$P76)=0,"",SUM($N76:$P76)) | R76: =IFERROR(IF(Q76="","",ROUND(Q76/$Q$11*100,2)),"") | S76: =IFERROR(IF(R76="","",ROUND(R76*$S$11,2)),"") | W76: =IF(COUNT($T76:$V76)=0,"",SUM($T76:$V76)) | X76: =IFERROR(IF(W76="","",ROUND(W76/$W$11*100,2)),"") | Y76: =IFERROR(IF(X76="","",ROUND(X76*$Y$11,2)),"") | Z76: =IFERROR(M76+S76+Y76,"") | AA76: =IFERROR(VLOOKUP(Z76,'Helper(IMPORTANT!)'!$CQ$1:$CR$41,2,TRUE),"") | AB76: {=IF(AA76="", "", _xlfn.IFS(AA76>=90, "A", AA76>=80, "B", AA76>=75, "C", AA76>=65, "D", AA76>=0, "E"))}
... A113: 50 | B113: ='INPUT DATA'!O60 -> 0 | K113: =IF(COUNT($F113:$J113)=0,"",SUM($F113:$J113)) | L113: =IFERROR(IF(K113="","",ROUND(K113/$K$11*100,2)),"") | M113: =IFERROR(IF(L113="","",ROUND(L113*$M$11,2)),"") | Q113: =IF(COUNT($N113:$P113)=0,"",SUM($N113:$P113)) | R113: =IFERROR(IF(Q113="","",ROUND(Q113/$Q$11*100,2)),"") | S113: =IFERROR(IF(R113="","",ROUND(R113*$S$11,2)),"") | W113: =IF(COUNT($T113:$V113)=0,"",SUM($T113:$V113)) | X113: =IFERROR(IF(W113="","",ROUND(W113/$W$11*100,2)),"") | Y113: =IFERROR(IF(X113="","",ROUND(X113*$Y$11,2)),"") | Z113: =IFERROR(M113+S113+Y113,"") | AA113: =IFERROR(VLOOKUP(Z113,'Helper(IMPORTANT!)'!$CQ$1:$CR$41,2,TRUE),"") | AB113: {=IF(AA113="", "", _xlfn.IFS(AA113>=90, "A", AA113>=80, "B", AA113>=75, "C", AA113>=65, "D", AA113>=0, "E"))}

Sheet TERM 3
A1: Strengthened Senior High School Class Record
A3: (Pursuant to Deped Order 8 series of 2015)
F4: REGION | G4: ='INPUT DATA'!F10 -> 0 | O4: DIVISION | R4: ='INPUT DATA'!F11 -> 0
F5: SCHOOL NAME | G5: ='INPUT DATA'!F14 -> 0 | O5: SCHOOL ID | R5: =IF('INPUT DATA'!F13="","", 'INPUT DATA'!F13) | W5: SCHOOL YEAR | Z5: ='INPUT DATA'!F16 -> 0
A7: THIRD TERM | F7: GRADE LEVEL AND SECTION | K7: ='INPUT DATA'!F24&" - "&'INPUT DATA'!F25 -> - DEPED TAMBAYAN | Q7: TEACHER: | S7: =IF('INPUT DATA'!F22="","", 'INPUT DATA'!F22) -> RICHARD R. RAQUENO | X7: SUBJECT: | Z7: =IF('INPUT DATA'!F30<>"",'INPUT DATA'!F30,'INPUT DATA'!F28) -> 0
Q8: TRACK: | S8: ='INPUT DATA'!F23 -> 0 | X8: SUBJECT TYPE: | Z8: ='INPUT DATA'!F26 -> 0
A9: LEARNERS' NAMES | F9: =IF('INPUT DATA'!$F$26="","",INDEX('Helper(IMPORTANT!)'!$CI$2:$CI$6,MATCH(Z8,'Helper(IMPORTANT!)'!$CH$2:$CH$6,0))) | N9: =IF('INPUT DATA'!$F$26="","",INDEX('Helper(IMPORTANT!)'!$CJ$2:$CJ$6,MATCH(Z8,'Helper(IMPORTANT!)'!$CH$2:$CH$6,0))) | T9: =IF('INPUT DATA'!$F$26="","",INDEX('Helper(IMPORTANT!)'!$CK$2:$CK$6,MATCH(Z8,'Helper(IMPORTANT!)'!$CH$2:$CH$6,0))) | Z9: Initial Grade | AA9: Transmuted Grade | AB9: Letter Grade
F10: 1 | G10: 2 | H10: 3 | I10: 4 | J10: 5 | K10: Total | L10: PS | M10: WS | N10: 1 | O10: 2 | P10: 3 | Q10: Total | R10: PS | S10: WS | T10: SA1 | U10: SA2 | V10: TE | W10: Total | X10: PS | Y10: WS
A11: HIGHEST POSSIBLE SCORE | K11: =IF(COUNT($F11:$J11)=0,"",SUM($F11:$J11)) | L11: 100 | M11: =IF('INPUT DATA'!$F$26="","",INDEX('Helper(IMPORTANT!)'!$CL$2:$CL$6,MATCH(Z8,'Helper(IMPORTANT!)'!$CH$2:$CH$6,0))) | Q11: =IF(COUNT($N11:$P11)=0,"",SUM($N11:$P11)) | R11: 100 | S11: =IF('INPUT DATA'!$F$26="","",INDEX('Helper(IMPORTANT!)'!$CM$2:$CM$6,MATCH(Z8,'Helper(IMPORTANT!)'!$CH$2:$CH$6,0))) | W11: =IF(COUNT($T11:$V11)=0,"",SUM($T11:$V11)) | X11: 100 | Y11: =IF('INPUT DATA'!$F$26="","",INDEX('Helper(IMPORTANT!)'!$CN$2:$CN$6,MATCH(Z8,'Helper(IMPORTANT!)'!$CH$2:$CH$6,0)))
A12: MALE
A13: 1 | B13: ='INPUT DATA'!L11 -> 0 | K13: =IF(COUNT($F13:$J13)=0,"",SUM($F13:$J13)) | L13: =IFERROR(IF(K13="","",ROUND(K13/$K$11*100,2)),"") | M13: =IFERROR(IF(L13="","",ROUND(L13*$M$11,2)),"") | Q13: =IF(COUNT($N13:$P13)=0,"",SUM($N13:$P13)) | R13: =IFERROR(IF(Q13="","",ROUND(Q13/$Q$11*100,2)),"") | S13: =IFERROR(IF(R13="","",ROUND(R13*$S$11,2)),"") | W13: =IF(COUNT($T13:$V13)=0,"",SUM($T13:$V13)) | X13: =IFERROR(IF(W13="","",ROUND(W13/$W$11*100,2)),"") | Y13: =IFERROR(IF(X13="","",ROUND(X13*$Y$11,2)),"") | Z13: =IFERROR(M13+S13+Y13,"") | AA13: =IFERROR(VLOOKUP(Z13,'Helper(IMPORTANT!)'!$CQ$1:$CR$41,2,TRUE),"") | AB13: {=IF(AA13="", "", _xlfn.IFS(AA13>=90, "A", AA13>=80, "B", AA13>=75, "C", AA13>=65, "D", AA13>=0, "E"))}
A14: 2 | B14: ='INPUT DATA'!L12 -> 0 | K14: =IF(COUNT($F14:$J14)=0,"",SUM($F14:$J14)) | L14: =IFERROR(IF(K14="","",ROUND(K14/$K$11*100,2)),"") | M14: =IFERROR(IF(L14="","",ROUND(L14*$M$11,2)),"") | Q14: =IF(COUNT($N14:$P14)=0,"",SUM($N14:$P14)) | R14: =IFERROR(IF(Q14="","",ROUND(Q14/$Q$11*100,2)),"") | S14: =IFERROR(IF(R14="","",ROUND(R14*$S$11,2)),"") | W14: =IF(COUNT($T14:$V14)=0,"",SUM($T14:$V14)) | X14: =IFERROR(IF(W14="","",ROUND(W14/$W$11*100,2)),"") | Y14: =IFERROR(IF(X14="","",ROUND(X14*$Y$11,2)),"") | Z14: =IFERROR(M14+S14+Y14,"") | AA14: =IFERROR(VLOOKUP(Z14,'Helper(IMPORTANT!)'!$CQ$1:$CR$41,2,TRUE),"") | AB14: {=IF(AA14="", "", _xlfn.IFS(AA14>=90, "A", AA14>=80, "B", AA14>=75, "C", AA14>=65, "D", AA14>=0, "E"))}
A15: 3 | B15: ='INPUT DATA'!L13 -> 0 | K15: =IF(COUNT($F15:$J15)=0,"",SUM($F15:$J15)) | L15: =IFERROR(IF(K15="","",ROUND(K15/$K$11*100,2)),"") | M15: =IFERROR(IF(L15="","",ROUND(L15*$M$11,2)),"") | Q15: =IF(COUNT($N15:$P15)=0,"",SUM($N15:$P15)) | R15: =IFERROR(IF(Q15="","",ROUND(Q15/$Q$11*100,2)),"") | S15: =IFERROR(IF(R15="","",ROUND(R15*$S$11,2)),"") | W15: =IF(COUNT($T15:$V15)=0,"",SUM($T15:$V15)) | X15: =IFERROR(IF(W15="","",ROUND(W15/$W$11*100,2)),"") | Y15: =IFERROR(IF(X15="","",ROUND(X15*$Y$11,2)),"") | Z15: =IFERROR(M15+S15+Y15,"") | AA15: =IFERROR(VLOOKUP(Z15,'Helper(IMPORTANT!)'!$CQ$1:$CR$41,2,TRUE),"") | AB15: {=IF(AA15="", "", _xlfn.IFS(AA15>=90, "A", AA15>=80, "B", AA15>=75, "C", AA15>=65, "D", AA15>=0, "E"))}
A16: 4 | B16: ='INPUT DATA'!L14 -> 0 | K16: =IF(COUNT($F16:$J16)=0,"",SUM($F16:$J16)) | L16: =IFERROR(IF(K16="","",ROUND(K16/$K$11*100,2)),"") | M16: =IFERROR(IF(L16="","",ROUND(L16*$M$11,2)),"") | Q16: =IF(COUNT($N16:$P16)=0,"",SUM($N16:$P16)) | R16: =IFERROR(IF(Q16="","",ROUND(Q16/$Q$11*100,2)),"") | S16: =IFERROR(IF(R16="","",ROUND(R16*$S$11,2)),"") | W16: =IF(COUNT($T16:$V16)=0,"",SUM($T16:$V16)) | X16: =IFERROR(IF(W16="","",ROUND(W16/$W$11*100,2)),"") | Y16: =IFERROR(IF(X16="","",ROUND(X16*$Y$11,2)),"") | Z16: =IFERROR(M16+S16+Y16,"") | AA16: =IFERROR(VLOOKUP(Z16,'Helper(IMPORTANT!)'!$CQ$1:$CR$41,2,TRUE),"") | AB16: {=IF(AA16="", "", _xlfn.IFS(AA16>=90, "A", AA16>=80, "B", AA16>=75, "C", AA16>=65, "D", AA16>=0, "E"))}
A17: 5 | B17: ='INPUT DATA'!L15 -> 0 | K17: =IF(COUNT($F17:$J17)=0,"",SUM($F17:$J17)) | L17: =IFERROR(IF(K17="","",ROUND(K17/$K$11*100,2)),"") | M17: =IFERROR(IF(L17="","",ROUND(L17*$M$11,2)),"") | Q17: =IF(COUNT($N17:$P17)=0,"",SUM($N17:$P17)) | R17: =IFERROR(IF(Q17="","",ROUND(Q17/$Q$11*100,2)),"") | S17: =IFERROR(IF(R17="","",ROUND(R17*$S$11,2)),"") | W17: =IF(COUNT($T17:$V17)=0,"",SUM($T17:$V17)) | X17: =IFERROR(IF(W17="","",ROUND(W17/$W$11*100,2)),"") | Y17: =IFERROR(IF(X17="","",ROUND(X17*$Y$11,2)),"") | Z17: =IFERROR(M17+S17+Y17,"") | AA17: =IFERROR(VLOOKUP(Z17,'Helper(IMPORTANT!)'!$CQ$1:$CR$41,2,TRUE),"") | AB17: {=IF(AA17="", "", _xlfn.IFS(AA17>=90, "A", AA17>=80, "B", AA17>=75, "C", AA17>=65, "D", AA17>=0, "E"))}
A18: 6 | B18: ='INPUT DATA'!L16 -> 0 | K18: =IF(COUNT($F18:$J18)=0,"",SUM($F18:$J18)) | L18: =IFERROR(IF(K18="","",ROUND(K18/$K$11*100,2)),"") | M18: =IFERROR(IF(L18="","",ROUND(L18*$M$11,2)),"") | Q18: =IF(COUNT($N18:$P18)=0,"",SUM($N18:$P18)) | R18: =IFERROR(IF(Q18="","",ROUND(Q18/$Q$11*100,2)),"") | S18: =IFERROR(IF(R18="","",ROUND(R18*$S$11,2)),"") | W18: =IF(COUNT($T18:$V18)=0,"",SUM($T18:$V18)) | X18: =IFERROR(IF(W18="","",ROUND(W18/$W$11*100,2)),"") | Y18: =IFERROR(IF(X18="","",ROUND(X18*$Y$11,2)),"") | Z18: =IFERROR(M18+S18+Y18,"") | AA18: =IFERROR(VLOOKUP(Z18,'Helper(IMPORTANT!)'!$CQ$1:$CR$41,2,TRUE),"") | AB18: {=IF(AA18="", "", _xlfn.IFS(AA18>=90, "A", AA18>=80, "B", AA18>=75, "C", AA18>=65, "D", AA18>=0, "E"))}
A19: 7 | B19: ='INPUT DATA'!L17 -> 0 | K19: =IF(COUNT($F19:$J19)=0,"",SUM($F19:$J19)) | L19: =IFERROR(IF(K19="","",ROUND(K19/$K$11*100,2)),"") | M19: =IFERROR(IF(L19="","",ROUND(L19*$M$11,2)),"") | Q19: =IF(COUNT($N19:$P19)=0,"",SUM($N19:$P19)) | R19: =IFERROR(IF(Q19="","",ROUND(Q19/$Q$11*100,2)),"") | S19: =IFERROR(IF(R19="","",ROUND(R19*$S$11,2)),"") | W19: =IF(COUNT($T19:$V19)=0,"",SUM($T19:$V19)) | X19: =IFERROR(IF(W19="","",ROUND(W19/$W$11*100,2)),"") | Y19: =IFERROR(IF(X19="","",ROUND(X19*$Y$11,2)),"") | Z19: =IFERROR(M19+S19+Y19,"") | AA19: =IFERROR(VLOOKUP(Z19,'Helper(IMPORTANT!)'!$CQ$1:$CR$41,2,TRUE),"") | AB19: {=IF(AA19="", "", _xlfn.IFS(AA19>=90, "A", AA19>=80, "B", AA19>=75, "C", AA19>=65, "D", AA19>=0, "E"))}
A20: 8 | B20: ='INPUT DATA'!L18 -> 0 | K20: =IF(COUNT($F20:$J20)=0,"",SUM($F20:$J20)) | L20: =IFERROR(IF(K20="","",ROUND(K20/$K$11*100,2)),"") | M20: =IFERROR(IF(L20="","",ROUND(L20*$M$11,2)),"") | Q20: =IF(COUNT($N20:$P20)=0,"",SUM($N20:$P20)) | R20: =IFERROR(IF(Q20="","",ROUND(Q20/$Q$11*100,2)),"") | S20: =IFERROR(IF(R20="","",ROUND(R20*$S$11,2)),"") | W20: =IF(COUNT($T20:$V20)=0,"",SUM($T20:$V20)) | X20: =IFERROR(IF(W20="","",ROUND(W20/$W$11*100,2)),"") | Y20: =IFERROR(IF(X20="","",ROUND(X20*$Y$11,2)),"") | Z20: =IFERROR(M20+S20+Y20,"") | AA20: =IFERROR(VLOOKUP(Z20,'Helper(IMPORTANT!)'!$CQ$1:$CR$41,2,TRUE),"") | AB20: {=IF(AA20="", "", _xlfn.IFS(AA20>=90, "A", AA20>=80, "B", AA20>=75, "C", AA20>=65, "D", AA20>=0, "E"))}
A21: 9 | B21: ='INPUT DATA'!L19 -> 0 | K21: =IF(COUNT($F21:$J21)=0,"",SUM($F21:$J21)) | L21: =IFERROR(IF(K21="","",ROUND(K21/$K$11*100,2)),"") | M21: =IFERROR(IF(L21="","",ROUND(L21*$M$11,2)),"") | Q21: =IF(COUNT($N21:$P21)=0,"",SUM($N21:$P21)) | R21: =IFERROR(IF(Q21="","",ROUND(Q21/$Q$11*100,2)),"") | S21: =IFERROR(IF(R21="","",ROUND(R21*$S$11,2)),"") | W21: =IF(COUNT($T21:$V21)=0,"",SUM($T21:$V21)) | X21: =IFERROR(IF(W21="","",ROUND(W21/$W$11*100,2)),"") | Y21: =IFERROR(IF(X21="","",ROUND(X21*$Y$11,2)),"") | Z21: =IFERROR(M21+S21+Y21,"") | AA21: =IFERROR(VLOOKUP(Z21,'Helper(IMPORTANT!)'!$CQ$1:$CR$41,2,TRUE),"") | AB21: {=IF(AA21="", "", _xlfn.IFS(AA21>=90, "A", AA21>=80, "B", AA21>=75, "C", AA21>=65, "D", AA21>=0, "E"))}
A22: 10 | B22: ='INPUT DATA'!L20 -> 0 | K22: =IF(COUNT($F22:$J22)=0,"",SUM($F22:$J22)) | L22: =IFERROR(IF(K22="","",ROUND(K22/$K$11*100,2)),"") | M22: =IFERROR(IF(L22="","",ROUND(L22*$M$11,2)),"") | Q22: =IF(COUNT($N22:$P22)=0,"",SUM($N22:$P22)) | R22: =IFERROR(IF(Q22="","",ROUND(Q22/$Q$11*100,2)),"") | S22: =IFERROR(IF(R22="","",ROUND(R22*$S$11,2)),"") | W22: =IF(COUNT($T22:$V22)=0,"",SUM($T22:$V22)) | X22: =IFERROR(IF(W22="","",ROUND(W22/$W$11*100,2)),"") | Y22: =IFERROR(IF(X22="","",ROUND(X22*$Y$11,2)),"") | Z22: =IFERROR(M22+S22+Y22,"") | AA22: =IFERROR(VLOOKUP(Z22,'Helper(IMPORTANT!)'!$CQ$1:$CR$41,2,TRUE),"") | AB22: {=IF(AA22="", "", _xlfn.IFS(AA22>=90, "A", AA22>=80, "B", AA22>=75, "C", AA22>=65, "D", AA22>=0, "E"))}
A23: 11 | B23: ='INPUT DATA'!L21 -> 0 | K23: =IF(COUNT($F23:$J23)=0,"",SUM($F23:$J23)) | L23: =IFERROR(IF(K23="","",ROUND(K23/$K$11*100,2)),"") | M23: =IFERROR(IF(L23="","",ROUND(L23*$M$11,2)),"") | Q23: =IF(COUNT($N23:$P23)=0,"",SUM($N23:$P23)) | R23: =IFERROR(IF(Q23="","",ROUND(Q23/$Q$11*100,2)),"") | S23: =IFERROR(IF(R23="","",ROUND(R23*$S$11,2)),"") | W23: =IF(COUNT($T23:$V23)=0,"",SUM($T23:$V23)) | X23: =IFERROR(IF(W23="","",ROUND(W23/$W$11*100,2)),"") | Y23: =IFERROR(IF(X23="","",ROUND(X23*$Y$11,2)),"") | Z23: =IFERROR(M23+S23+Y23,"") | AA23: =IFERROR(VLOOKUP(Z23,'Helper(IMPORTANT!)'!$CQ$1:$CR$41,2,TRUE),"") | AB23: {=IF(AA23="", "", _xlfn.IFS(AA23>=90, "A", AA23>=80, "B", AA23>=75, "C", AA23>=65, "D", AA23>=0, "E"))}
A24: 12 | B24: ='INPUT DATA'!L22 -> 0 | K24: =IF(COUNT($F24:$J24)=0,"",SUM($F24:$J24)) | L24: =IFERROR(IF(K24="","",ROUND(K24/$K$11*100,2)),"") | M24: =IFERROR(IF(L24="","",ROUND(L24*$M$11,2)),"") | Q24: =IF(COUNT($N24:$P24)=0,"",SUM($N24:$P24)) | R24: =IFERROR(IF(Q24="","",ROUND(Q24/$Q$11*100,2)),"") | S24: =IFERROR(IF(R24="","",ROUND(R24*$S$11,2)),"") | W24: =IF(COUNT($T24:$V24)=0,"",SUM($T24:$V24)) | X24: =IFERROR(IF(W24="","",ROUND(W24/$W$11*100,2)),"") | Y24: =IFERROR(IF(X24="","",ROUND(X24*$Y$11,2)),"") | Z24: =IFERROR(M24+S24+Y24,"") | AA24: =IFERROR(VLOOKUP(Z24,'Helper(IMPORTANT!)'!$CQ$1:$CR$41,2,TRUE),"") | AB24: {=IF(AA24="", "", _xlfn.IFS(AA24>=90, "A", AA24>=80, "B", AA24>=75, "C", AA24>=65, "D", AA24>=0, "E"))}
... A62: 50 | B62: ='INPUT DATA'!L60 -> RAQUENO, RICHARD R. | K62: =IF(COUNT($F62:$J62)=0,"",SUM($F62:$J62)) | L62: =IFERROR(IF(K62="","",ROUND(K62/$K$11*100,2)),"") | M62: =IFERROR(IF(L62="","",ROUND(L62*$M$11,2)),"") | Q62: =IF(COUNT($N62:$P62)=0,"",SUM($N62:$P62)) | R62: =IFERROR(IF(Q62="","",ROUND(Q62/$Q$11*100,2)),"") | S62: =IFERROR(IF(R62="","",ROUND(R62*$S$11,2)),"") | W62: =IF(COUNT($T62:$V62)=0,"",SUM($T62:$V62)) | X62: =IFERROR(IF(W62="","",ROUND(W62/$W$11*100,2)),"") | Y62: =IFERROR(IF(X62="","",ROUND(X62*$Y$11,2)),"") | Z62: =IFERROR(M62+S62+Y62,"") | AA62: =IFERROR(VLOOKUP(Z62,'Helper(IMPORTANT!)'!$CQ$1:$CR$41,2,TRUE),"") | AB62: {=IF(AA62="", "", _xlfn.IFS(AA62>=90, "A", AA62>=80, "B", AA62>=75, "C", AA62>=65, "D", AA62>=0, "E"))}
A63: FEMALE
A64: 1 | B64: ='INPUT DATA'!O11 -> 0 | K64: =IF(COUNT($F64:$J64)=0,"",SUM($F64:$J64)) | L64: =IFERROR(IF(K64="","",ROUND(K64/$K$11*100,2)),"") | M64: =IFERROR(IF(L64="","",ROUND(L64*$M$11,2)),"") | Q64: =IF(COUNT($N64:$P64)=0,"",SUM($N64:$P64)) | R64: =IFERROR(IF(Q64="","",ROUND(Q64/$Q$11*100,2)),"") | S64: =IFERROR(IF(R64="","",ROUND(R64*$S$11,2)),"") | W64: =IF(COUNT($T64:$V64)=0,"",SUM($T64:$V64)) | X64: =IFERROR(IF(W64="","",ROUND(W64/$W$11*100,2)),"") | Y64: =IFERROR(IF(X64="","",ROUND(X64*$Y$11,2)),"") | Z64: =IFERROR(M64+S64+Y64,"") | AA64: =IFERROR(VLOOKUP(Z64,'Helper(IMPORTANT!)'!$CQ$1:$CR$41,2,TRUE),"") | AB64: {=IF(AA64="", "", _xlfn.IFS(AA64>=90, "A", AA64>=80, "B", AA64>=75, "C", AA64>=65, "D", AA64>=0, "E"))}
A65: 2 | B65: ='INPUT DATA'!O12 -> 0 | K65: =IF(COUNT($F65:$J65)=0,"",SUM($F65:$J65)) | L65: =IFERROR(IF(K65="","",ROUND(K65/$K$11*100,2)),"") | M65: =IFERROR(IF(L65="","",ROUND(L65*$M$11,2)),"") | Q65: =IF(COUNT($N65:$P65)=0,"",SUM($N65:$P65)) | R65: =IFERROR(IF(Q65="","",ROUND(Q65/$Q$11*100,2)),"") | S65: =IFERROR(IF(R65="","",ROUND(R65*$S$11,2)),"") | W65: =IF(COUNT($T65:$V65)=0,"",SUM($T65:$V65)) | X65: =IFERROR(IF(W65="","",ROUND(W65/$W$11*100,2)),"") | Y65: =IFERROR(IF(X65="","",ROUND(X65*$Y$11,2)),"") | Z65: =IFERROR(M65+S65+Y65,"") | AA65: =IFERROR(VLOOKUP(Z65,'Helper(IMPORTANT!)'!$CQ$1:$CR$41,2,TRUE),"") | AB65: {=IF(AA65="", "", _xlfn.IFS(AA65>=90, "A", AA65>=80, "B", AA65>=75, "C", AA65>=65, "D", AA65>=0, "E"))}
A66: 3 | B66: ='INPUT DATA'!O13 -> 0 | K66: =IF(COUNT($F66:$J66)=0,"",SUM($F66:$J66)) | L66: =IFERROR(IF(K66="","",ROUND(K66/$K$11*100,2)),"") | M66: =IFERROR(IF(L66="","",ROUND(L66*$M$11,2)),"") | Q66: =IF(COUNT($N66:$P66)=0,"",SUM($N66:$P66)) | R66: =IFERROR(IF(Q66="","",ROUND(Q66/$Q$11*100,2)),"") | S66: =IFERROR(IF(R66="","",ROUND(R66*$S$11,2)),"") | W66: =IF(COUNT($T66:$V66)=0,"",SUM($T66:$V66)) | X66: =IFERROR(IF(W66="","",ROUND(W66/$W$11*100,2)),"") | Y66: =IFERROR(IF(X66="","",ROUND(X66*$Y$11,2)),"") | Z66: =IFERROR(M66+S66+Y66,"") | AA66: =IFERROR(VLOOKUP(Z66,'Helper(IMPORTANT!)'!$CQ$1:$CR$41,2,TRUE),"") | AB66: {=IF(AA66="", "", _xlfn.IFS(AA66>=90, "A", AA66>=80, "B", AA66>=75, "C", AA66>=65, "D", AA66>=0, "E"))}
A67: 4 | B67: ='INPUT DATA'!O14 -> 0 | K67: =IF(COUNT($F67:$J67)=0,"",SUM($F67:$J67)) | L67: =IFERROR(IF(K67="","",ROUND(K67/$K$11*100,2)),"") | M67: =IFERROR(IF(L67="","",ROUND(L67*$M$11,2)),"") | Q67: =IF(COUNT($N67:$P67)=0,"",SUM($N67:$P67)) | R67: =IFERROR(IF(Q67="","",ROUND(Q67/$Q$11*100,2)),"") | S67: =IFERROR(IF(R67="","",ROUND(R67*$S$11,2)),"") | W67: =IF(COUNT($T67:$V67)=0,"",SUM($T67:$V67)) | X67: =IFERROR(IF(W67="","",ROUND(W67/$W$11*100,2)),"") | Y67: =IFERROR(IF(X67="","",ROUND(X67*$Y$11,2)),"") | Z67: =IFERROR(M67+S67+Y67,"") | AA67: =IFERROR(VLOOKUP(Z67,'Helper(IMPORTANT!)'!$CQ$1:$CR$41,2,TRUE),"") | AB67: {=IF(AA67="", "", _xlfn.IFS(AA67>=90, "A", AA67>=80, "B", AA67>=75, "C", AA67>=65, "D", AA67>=0, "E"))}
A68: 5 | B68: ='INPUT DATA'!O15 -> 0 | K68: =IF(COUNT($F68:$J68)=0,"",SUM($F68:$J68)) | L68: =IFERROR(IF(K68="","",ROUND(K68/$K$11*100,2)),"") | M68: =IFERROR(IF(L68="","",ROUND(L68*$M$11,2)),"") | Q68: =IF(COUNT($N68:$P68)=0,"",SUM($N68:$P68)) | R68: =IFERROR(IF(Q68="","",ROUND(Q68/$Q$11*100,2)),"") | S68: =IFERROR(IF(R68="","",ROUND(R68*$S$11,2)),"") | W68: =IF(COUNT($T68:$V68)=0,"",SUM($T68:$V68)) | X68: =IFERROR(IF(W68="","",ROUND(W68/$W$11*100,2)),"") | Y68: =IFERROR(IF(X68="","",ROUND(X68*$Y$11,2)),"") | Z68: =IFERROR(M68+S68+Y68,"") | AA68: =IFERROR(VLOOKUP(Z68,'Helper(IMPORTANT!)'!$CQ$1:$CR$41,2,TRUE),"") | AB68: {=IF(AA68="", "", _xlfn.IFS(AA68>=90, "A", AA68>=80, "B", AA68>=75, "C", AA68>=65, "D", AA68>=0, "E"))}
A69: 6 | B69: ='INPUT DATA'!O16 -> 0 | K69: =IF(COUNT($F69:$J69)=0,"",SUM($F69:$J69)) | L69: =IFERROR(IF(K69="","",ROUND(K69/$K$11*100,2)),"") | M69: =IFERROR(IF(L69="","",ROUND(L69*$M$11,2)),"") | Q69: =IF(COUNT($N69:$P69)=0,"",SUM($N69:$P69)) | R69: =IFERROR(IF(Q69="","",ROUND(Q69/$Q$11*100,2)),"") | S69: =IFERROR(IF(R69="","",ROUND(R69*$S$11,2)),"") | W69: =IF(COUNT($T69:$V69)=0,"",SUM($T69:$V69)) | X69: =IFERROR(IF(W69="","",ROUND(W69/$W$11*100,2)),"") | Y69: =IFERROR(IF(X69="","",ROUND(X69*$Y$11,2)),"") | Z69: =IFERROR(M69+S69+Y69,"") | AA69: =IFERROR(VLOOKUP(Z69,'Helper(IMPORTANT!)'!$CQ$1:$CR$41,2,TRUE),"") | AB69: {=IF(AA69="", "", _xlfn.IFS(AA69>=90, "A", AA69>=80, "B", AA69>=75, "C", AA69>=65, "D", AA69>=0, "E"))}
A70: 7 | B70: ='INPUT DATA'!O17 -> 0 | K70: =IF(COUNT($F70:$J70)=0,"",SUM($F70:$J70)) | L70: =IFERROR(IF(K70="","",ROUND(K70/$K$11*100,2)),"") | M70: =IFERROR(IF(L70="","",ROUND(L70*$M$11,2)),"") | Q70: =IF(COUNT($N70:$P70)=0,"",SUM($N70:$P70)) | R70: =IFERROR(IF(Q70="","",ROUND(Q70/$Q$11*100,2)),"") | S70: =IFERROR(IF(R70="","",ROUND(R70*$S$11,2)),"") | W70: =IF(COUNT($T70:$V70)=0,"",SUM($T70:$V70)) | X70: =IFERROR(IF(W70="","",ROUND(W70/$W$11*100,2)),"") | Y70: =IFERROR(IF(X70="","",ROUND(X70*$Y$11,2)),"") | Z70: =IFERROR(M70+S70+Y70,"") | AA70: =IFERROR(VLOOKUP(Z70,'Helper(IMPORTANT!)'!$CQ$1:$CR$41,2,TRUE),"") | AB70: {=IF(AA70="", "", _xlfn.IFS(AA70>=90, "A", AA70>=80, "B", AA70>=75, "C", AA70>=65, "D", AA70>=0, "E"))}
A71: 8 | B71: ='INPUT DATA'!O18 -> 0 | K71: =IF(COUNT($F71:$J71)=0,"",SUM($F71:$J71)) | L71: =IFERROR(IF(K71="","",ROUND(K71/$K$11*100,2)),"") | M71: =IFERROR(IF(L71="","",ROUND(L71*$M$11,2)),"") | Q71: =IF(COUNT($N71:$P71)=0,"",SUM($N71:$P71)) | R71: =IFERROR(IF(Q71="","",ROUND(Q71/$Q$11*100,2)),"") | S71: =IFERROR(IF(R71="","",ROUND(R71*$S$11,2)),"") | W71: =IF(COUNT($T71:$V71)=0,"",SUM($T71:$V71)) | X71: =IFERROR(IF(W71="","",ROUND(W71/$W$11*100,2)),"") | Y71: =IFERROR(IF(X71="","",ROUND(X71*$Y$11,2)),"") | Z71: =IFERROR(M71+S71+Y71,"") | AA71: =IFERROR(VLOOKUP(Z71,'Helper(IMPORTANT!)'!$CQ$1:$CR$41,2,TRUE),"") | AB71: {=IF(AA71="", "", _xlfn.IFS(AA71>=90, "A", AA71>=80, "B", AA71>=75, "C", AA71>=65, "D", AA71>=0, "E"))}
A72: 9 | B72: ='INPUT DATA'!O19 -> 0 | K72: =IF(COUNT($F72:$J72)=0,"",SUM($F72:$J72)) | L72: =IFERROR(IF(K72="","",ROUND(K72/$K$11*100,2)),"") | M72: =IFERROR(IF(L72="","",ROUND(L72*$M$11,2)),"") | Q72: =IF(COUNT($N72:$P72)=0,"",SUM($N72:$P72)) | R72: =IFERROR(IF(Q72="","",ROUND(Q72/$Q$11*100,2)),"") | S72: =IFERROR(IF(R72="","",ROUND(R72*$S$11,2)),"") | W72: =IF(COUNT($T72:$V72)=0,"",SUM($T72:$V72)) | X72: =IFERROR(IF(W72="","",ROUND(W72/$W$11*100,2)),"") | Y72: =IFERROR(IF(X72="","",ROUND(X72*$Y$11,2)),"") | Z72: =IFERROR(M72+S72+Y72,"") | AA72: =IFERROR(VLOOKUP(Z72,'Helper(IMPORTANT!)'!$CQ$1:$CR$41,2,TRUE),"") | AB72: {=IF(AA72="", "", _xlfn.IFS(AA72>=90, "A", AA72>=80, "B", AA72>=75, "C", AA72>=65, "D", AA72>=0, "E"))}
A73: 10 | B73: ='INPUT DATA'!O20 -> 0 | K73: =IF(COUNT($F73:$J73)=0,"",SUM($F73:$J73)) | L73: =IFERROR(IF(K73="","",ROUND(K73/$K$11*100,2)),"") | M73: =IFERROR(IF(L73="","",ROUND(L73*$M$11,2)),"") | Q73: =IF(COUNT($N73:$P73)=0,"",SUM($N73:$P73)) | R73: =IFERROR(IF(Q73="","",ROUND(Q73/$Q$11*100,2)),"") | S73: =IFERROR(IF(R73="","",ROUND(R73*$S$11,2)),"") | W73: =IF(COUNT($T73:$V73)=0,"",SUM($T73:$V73)) | X73: =IFERROR(IF(W73="","",ROUND(W73/$W$11*100,2)),"") | Y73: =IFERROR(IF(X73="","",ROUND(X73*$Y$11,2)),"") | Z73: =IFERROR(M73+S73+Y73,"") | AA73: =IFERROR(VLOOKUP(Z73,'Helper(IMPORTANT!)'!$CQ$1:$CR$41,2,TRUE),"") | AB73: {=IF(AA73="", "", _xlfn.IFS(AA73>=90, "A", AA73>=80, "B", AA73>=75, "C", AA73>=65, "D", AA73>=0, "E"))}
A74: 11 | B74: ='INPUT DATA'!O21 -> 0 | K74: =IF(COUNT($F74:$J74)=0,"",SUM($F74:$J74)) | L74: =IFERROR(IF(K74="","",ROUND(K74/$K$11*100,2)),"") | M74: =IFERROR(IF(L74="","",ROUND(L74*$M$11,2)),"") | Q74: =IF(COUNT($N74:$P74)=0,"",SUM($N74:$P74)) | R74: =IFERROR(IF(Q74="","",ROUND(Q74/$Q$11*100,2)),"") | S74: =IFERROR(IF(R74="","",ROUND(R74*$S$11,2)),"") | W74: =IF(COUNT($T74:$V74)=0,"",SUM($T74:$V74)) | X74: =IFERROR(IF(W74="","",ROUND(W74/$W$11*100,2)),"") | Y74: =IFERROR(IF(X74="","",ROUND(X74*$Y$11,2)),"") | Z74: =IFERROR(M74+S74+Y74,"") | AA74: =IFERROR(VLOOKUP(Z74,'Helper(IMPORTANT!)'!$CQ$1:$CR$41,2,TRUE),"") | AB74: {=IF(AA74="", "", _xlfn.IFS(AA74>=90, "A", AA74>=80, "B", AA74>=75, "C", AA74>=65, "D", AA74>=0, "E"))}
A75: 12 | B75: ='INPUT DATA'!O22 -> 0 | K75: =IF(COUNT($F75:$J75)=0,"",SUM($F75:$J75)) | L75: =IFERROR(IF(K75="","",ROUND(K75/$K$11*100,2)),"") | M75: =IFERROR(IF(L75="","",ROUND(L75*$M$11,2)),"") | Q75: =IF(COUNT($N75:$P75)=0,"",SUM($N75:$P75)) | R75: =IFERROR(IF(Q75="","",ROUND(Q75/$Q$11*100,2)),"") | S75: =IFERROR(IF(R75="","",ROUND(R75*$S$11,2)),"") | W75: =IF(COUNT($T75:$V75)=0,"",SUM($T75:$V75)) | X75: =IFERROR(IF(W75="","",ROUND(W75/$W$11*100,2)),"") | Y75: =IFERROR(IF(X75="","",ROUND(X75*$Y$11,2)),"") | Z75: =IFERROR(M75+S75+Y75,"") | AA75: =IFERROR(VLOOKUP(Z75,'Helper(IMPORTANT!)'!$CQ$1:$CR$41,2,TRUE),"") | AB75: {=IF(AA75="", "", _xlfn.IFS(AA75>=90, "A", AA75>=80, "B", AA75>=75, "C", AA75>=65, "D", AA75>=0, "E"))}
... A113: 50 | B113: ='INPUT DATA'!O60 -> 0 | K113: =IF(COUNT($F113:$J113)=0,"",SUM($F113:$J113)) | L113: =IFERROR(IF(K113="","",ROUND(K113/$K$11*100,2)),"") | M113: =IFERROR(IF(L113="","",ROUND(L113*$M$11,2)),"") | Q113: =IF(COUNT($N113:$P113)=0,"",SUM($N113:$P113)) | R113: =IFERROR(IF(Q113="","",ROUND(Q113/$Q$11*100,2)),"") | S113: =IFERROR(IF(R113="","",ROUND(R113*$S$11,2)),"") | W113: =IF(COUNT($T113:$V113)=0,"",SUM($T113:$V113)) | X113: =IFERROR(IF(W113="","",ROUND(W113/$W$11*100,2)),"") | Y113: =IFERROR(IF(X113="","",ROUND(X113*$Y$11,2)),"") | Z113: =IFERROR(M113+S113+Y113,"") | AA113: =IFERROR(VLOOKUP(Z113,'Helper(IMPORTANT!)'!$CQ$1:$CR$41,2,TRUE),"") | AB113: {=IF(AA113="", "", _xlfn.IFS(AA113>=90, "A", AA113>=80, "B", AA113>=75, "C", AA113>=65, "D", AA113>=0, "E"))}

Sheet AVE
A1: Final Grades
B5: REGION | D5: ='INPUT DATA'!F10 -> 0 | J5: DIVISION | P5: ='INPUT DATA'!F11 -> 0 | Y5: SCHOOL ID | AB5: ='INPUT DATA'!F13 -> 0
B6: SCHOOL NAME | D6: ='INPUT DATA'!F14 -> 0 | Y6: SCHOOL YEAR | AB6: ='INPUT DATA'!F16 -> 0
A9: LEARNERS' NAMES | F9: GRADE & SECTION: | N9: ='INPUT DATA'!F24&" - "&'INPUT DATA'!F25 -> - DEPED TAMBAYAN | V9: SUBJECT: | Z9: =IF('INPUT DATA'!F30<>"",'INPUT DATA'!F30,'INPUT DATA'!F28) -> 0
F10: TEACHER: | I10: ='INPUT DATA'!F22 -> RICHARD R. RAQUENO | S10: SUBJECT TYPE: | V10: SUBJECT TYPE: | Z10: ='INPUT DATA'!F26 -> 0
F11: FIRST TERM | N11: SECOND TERM | V11: THIRD TERM | Z11: AVERAGE | AC11: REMARKS
A12: MALE
A13: 1 | B13: ='INPUT DATA'!L11 -> 0 | H13: ='TERM 1'!AA13 | P13: ='TERM 2'!AA13 | V13: ='TERM 3'!AA13 | Z13: =IFERROR((H13+P13+V13)/3, "") | AC13: {=IF(XFD13="", "", _xlfn.IFS(XFD13>=90, "Advancing", XFD13>=80, "Benchmarking", XFD13>=75, "Connecting", XFD13>=65, "Developing", XFD13>=0, "Emerging"))} | XFD13: =Z13
A14: 2 | B14: ='INPUT DATA'!L12 -> 0 | H14: ='TERM 1'!AA14 | P14: ='TERM 2'!AA14 | V14: ='TERM 3'!AA14 | Z14: =IFERROR((H14+P14+V14)/3, "") | AC14: {=IF(XFD14="", "", _xlfn.IFS(XFD14>=90, "Advancing", XFD14>=80, "Benchmarking", XFD14>=75, "Connecting", XFD14>=65, "Developing", XFD14>=0, "Emerging"))} | XFD14: =Z14
A15: 3 | B15: ='INPUT DATA'!L13 -> 0 | H15: ='TERM 1'!AA15 | P15: ='TERM 2'!AA15 | V15: ='TERM 3'!AA15 | Z15: =IFERROR((H15+P15+V15)/3, "") | AC15: {=IF(XFD15="", "", _xlfn.IFS(XFD15>=90, "Advancing", XFD15>=80, "Benchmarking", XFD15>=75, "Connecting", XFD15>=65, "Developing", XFD15>=0, "Emerging"))} | XFD15: =Z15
A16: 4 | B16: ='INPUT DATA'!L14 -> 0 | H16: ='TERM 1'!AA16 | P16: ='TERM 2'!AA16 | V16: ='TERM 3'!AA16 | Z16: =IFERROR((H16+P16+V16)/3, "") | AC16: {=IF(XFD16="", "", _xlfn.IFS(XFD16>=90, "Advancing", XFD16>=80, "Benchmarking", XFD16>=75, "Connecting", XFD16>=65, "Developing", XFD16>=0, "Emerging"))} | XFD16: =Z16
A17: 5 | B17: ='INPUT DATA'!L15 -> 0 | H17: ='TERM 1'!AA17 | P17: ='TERM 2'!AA17 | V17: ='TERM 3'!AA17 | Z17: =IFERROR((H17+P17+V17)/3, "") | AC17: {=IF(XFD17="", "", _xlfn.IFS(XFD17>=90, "Advancing", XFD17>=80, "Benchmarking", XFD17>=75, "Connecting", XFD17>=65, "Developing", XFD17>=0, "Emerging"))} | XFD17: =Z17
A18: 6 | B18: ='INPUT DATA'!L16 -> 0 | H18: ='TERM 1'!AA18 | P18: ='TERM 2'!AA18 | V18: ='TERM 3'!AA18 | Z18: =IFERROR((H18+P18+V18)/3, "") | AC18: {=IF(XFD18="", "", _xlfn.IFS(XFD18>=90, "Advancing", XFD18>=80, "Benchmarking", XFD18>=75, "Connecting", XFD18>=65, "Developing", XFD18>=0, "Emerging"))} | XFD18: =Z18
A19: 7 | B19: ='INPUT DATA'!L17 -> 0 | H19: ='TERM 1'!AA19 | P19: ='TERM 2'!AA19 | V19: ='TERM 3'!AA19 | Z19: =IFERROR((H19+P19+V19)/3, "") | AC19: {=IF(XFD19="", "", _xlfn.IFS(XFD19>=90, "Advancing", XFD19>=80, "Benchmarking", XFD19>=75, "Connecting", XFD19>=65, "Developing", XFD19>=0, "Emerging"))} | XFD19: =Z19
A20: 8 | B20: ='INPUT DATA'!L18 -> 0 | H20: ='TERM 1'!AA20 | P20: ='TERM 2'!AA20 | V20: ='TERM 3'!AA20 | Z20: =IFERROR((H20+P20+V20)/3, "") | AC20: {=IF(XFD20="", "", _xlfn.IFS(XFD20>=90, "Advancing", XFD20>=80, "Benchmarking", XFD20>=75, "Connecting", XFD20>=65, "Developing", XFD20>=0, "Emerging"))} | XFD20: =Z20
A21: 9 | B21: ='INPUT DATA'!L19 -> 0 | H21: ='TERM 1'!AA21 | P21: ='TERM 2'!AA21 | V21: ='TERM 3'!AA21 | Z21: =IFERROR((H21+P21+V21)/3, "") | AC21: {=IF(XFD21="", "", _xlfn.IFS(XFD21>=90, "Advancing", XFD21>=80, "Benchmarking", XFD21>=75, "Connecting", XFD21>=65, "Developing", XFD21>=0, "Emerging"))} | XFD21: =Z21
A22: 10 | B22: ='INPUT DATA'!L20 -> 0 | H22: ='TERM 1'!AA22 | P22: ='TERM 2'!AA22 | V22: ='TERM 3'!AA22 | Z22: =IFERROR((H22+P22+V22)/3, "") | AC22: {=IF(XFD22="", "", _xlfn.IFS(XFD22>=90, "Advancing", XFD22>=80, "Benchmarking", XFD22>=75, "Connecting", XFD22>=65, "Developing", XFD22>=0, "Emerging"))} | XFD22: =Z22
A23: 11 | B23: ='INPUT DATA'!L21 -> 0 | H23: ='TERM 1'!AA23 | P23: ='TERM 2'!AA23 | V23: ='TERM 3'!AA23 | Z23: =IFERROR((H23+P23+V23)/3, "") | AC23: {=IF(XFD23="", "", _xlfn.IFS(XFD23>=90, "Advancing", XFD23>=80, "Benchmarking", XFD23>=75, "Connecting", XFD23>=65, "Developing", XFD23>=0, "Emerging"))} | XFD23: =Z23
A24: 12 | B24: ='INPUT DATA'!L22 -> 0 | H24: ='TERM 1'!AA24 | P24: ='TERM 2'!AA24 | V24: ='TERM 3'!AA24 | Z24: =IFERROR((H24+P24+V24)/3, "") | AC24: {=IF(XFD24="", "", _xlfn.IFS(XFD24>=90, "Advancing", XFD24>=80, "Benchmarking", XFD24>=75, "Connecting", XFD24>=65, "Developing", XFD24>=0, "Emerging"))} | XFD24: =Z24
... A62: 50 | B62: ='INPUT DATA'!L60 -> RAQUENO, RICHARD R. | H62: ='TERM 1'!AA62 | P62: ='TERM 2'!AA62 | V62: ='TERM 3'!AA62 | Z62: =IFERROR((H62+P62+V62)/3, "") | AC62: {=IF(XFD62="", "", _xlfn.IFS(XFD62>=90, "Advancing", XFD62>=80, "Benchmarking", XFD62>=75, "Connecting", XFD62>=65, "Developing", XFD62>=0, "Emerging"))} | XFD62: =Z62
A63: FEMALE | F63: ='TERM 1'!AA63 -> 0 | XFD63: =Z63 -> 0
A64: 1 | B64: ='INPUT DATA'!O11 -> 0 | H64: ='TERM 1'!AA64 | P64: ='TERM 2'!AA64 | V64: ='TERM 3'!AA64 | Z64: =IFERROR((H64+P64+V64)/3, "") | AC64: {=IF(XFD64="", "", _xlfn.IFS(XFD64>=90, "Advancing", XFD64>=80, "Benchmarking", XFD64>=75, "Connecting", XFD64>=65, "Developing", XFD64>=0, "Emerging"))} | XFD64: =Z64
A65: 2 | B65: ='INPUT DATA'!O12 -> 0 | H65: ='TERM 1'!AA65 | P65: ='TERM 2'!AA65 | V65: ='TERM 3'!AA65 | Z65: =IFERROR((H65+P65+V65)/3, "") | AC65: {=IF(XFD65="", "", _xlfn.IFS(XFD65>=90, "Advancing", XFD65>=80, "Benchmarking", XFD65>=75, "Connecting", XFD65>=65, "Developing", XFD65>=0, "Emerging"))} | XFD65: =Z65
A66: 3 | B66: ='INPUT DATA'!O13 -> 0 | H66: ='TERM 1'!AA66 | P66: ='TERM 2'!AA66 | V66: ='TERM 3'!AA66 | Z66: =IFERROR((H66+P66+V66)/3, "") | AC66: {=IF(XFD66="", "", _xlfn.IFS(XFD66>=90, "Advancing", XFD66>=80, "Benchmarking", XFD66>=75, "Connecting", XFD66>=65, "Developing", XFD66>=0, "Emerging"))} | XFD66: =Z66
A67: 4 | B67: ='INPUT DATA'!O14 -> 0 | H67: ='TERM 1'!AA67 | P67: ='TERM 2'!AA67 | V67: ='TERM 3'!AA67 | Z67: =IFERROR((H67+P67+V67)/3, "") | AC67: {=IF(XFD67="", "", _xlfn.IFS(XFD67>=90, "Advancing", XFD67>=80, "Benchmarking", XFD67>=75, "Connecting", XFD67>=65, "Developing", XFD67>=0, "Emerging"))} | XFD67: =Z67
A68: 5 | B68: ='INPUT DATA'!O15 -> 0 | H68: ='TERM 1'!AA68 | P68: ='TERM 2'!AA68 | V68: ='TERM 3'!AA68 | Z68: =IFERROR((H68+P68+V68)/3, "") | AC68: {=IF(XFD68="", "", _xlfn.IFS(XFD68>=90, "Advancing", XFD68>=80, "Benchmarking", XFD68>=75, "Connecting", XFD68>=65, "Developing", XFD68>=0, "Emerging"))} | XFD68: =Z68
A69: 6 | B69: ='INPUT DATA'!O16 -> 0 | H69: ='TERM 1'!AA69 | P69: ='TERM 2'!AA69 | V69: ='TERM 3'!AA69 | Z69: =IFERROR((H69+P69+V69)/3, "") | AC69: {=IF(XFD69="", "", _xlfn.IFS(XFD69>=90, "Advancing", XFD69>=80, "Benchmarking", XFD69>=75, "Connecting", XFD69>=65, "Developing", XFD69>=0, "Emerging"))} | XFD69: =Z69
A70: 7 | B70: ='INPUT DATA'!O17 -> 0 | H70: ='TERM 1'!AA70 | P70: ='TERM 2'!AA70 | V70: ='TERM 3'!AA70 | Z70: =IFERROR((H70+P70+V70)/3, "") | AC70: {=IF(XFD70="", "", _xlfn.IFS(XFD70>=90, "Advancing", XFD70>=80, "Benchmarking", XFD70>=75, "Connecting", XFD70>=65, "Developing", XFD70>=0, "Emerging"))} | XFD70: =Z70
A71: 8 | B71: ='INPUT DATA'!O18 -> 0 | H71: ='TERM 1'!AA71 | P71: ='TERM 2'!AA71 | V71: ='TERM 3'!AA71 | Z71: =IFERROR((H71+P71+V71)/3, "") | AC71: {=IF(XFD71="", "", _xlfn.IFS(XFD71>=90, "Advancing", XFD71>=80, "Benchmarking", XFD71>=75, "Connecting", XFD71>=65, "Developing", XFD71>=0, "Emerging"))} | XFD71: =Z71
A72: 9 | B72: ='INPUT DATA'!O19 -> 0 | H72: ='TERM 1'!AA72 | P72: ='TERM 2'!AA72 | V72: ='TERM 3'!AA72 | Z72: =IFERROR((H72+P72+V72)/3, "") | AC72: {=IF(XFD72="", "", _xlfn.IFS(XFD72>=90, "Advancing", XFD72>=80, "Benchmarking", XFD72>=75, "Connecting", XFD72>=65, "Developing", XFD72>=0, "Emerging"))} | XFD72: =Z72
A73: 10 | B73: ='INPUT DATA'!O20 -> 0 | H73: ='TERM 1'!AA73 | P73: ='TERM 2'!AA73 | V73: ='TERM 3'!AA73 | Z73: =IFERROR((H73+P73+V73)/3, "") | AC73: {=IF(XFD73="", "", _xlfn.IFS(XFD73>=90, "Advancing", XFD73>=80, "Benchmarking", XFD73>=75, "Connecting", XFD73>=65, "Developing", XFD73>=0, "Emerging"))} | XFD73: =Z73
A74: 11 | B74: ='INPUT DATA'!O21 -> 0 | H74: ='TERM 1'!AA74 | P74: ='TERM 2'!AA74 | V74: ='TERM 3'!AA74 | Z74: =IFERROR((H74+P74+V74)/3, "") | AC74: {=IF(XFD74="", "", _xlfn.IFS(XFD74>=90, "Advancing", XFD74>=80, "Benchmarking", XFD74>=75, "Connecting", XFD74>=65, "Developing", XFD74>=0, "Emerging"))} | XFD74: =Z74
A75: 12 | B75: ='INPUT DATA'!O22 -> 0 | H75: ='TERM 1'!AA75 | P75: ='TERM 2'!AA75 | V75: ='TERM 3'!AA75 | Z75: =IFERROR((H75+P75+V75)/3, "") | AC75: {=IF(XFD75="", "", _xlfn.IFS(XFD75>=90, "Advancing", XFD75>=80, "Benchmarking", XFD75>=75, "Connecting", XFD75>=65, "Developing", XFD75>=0, "Emerging"))} | XFD75: =Z75
... A113: 50 | B113: ='INPUT DATA'!O60 -> 0 | H113: ='TERM 1'!AA113 | P113: ='TERM 2'!AA113 | V113: ='TERM 3'!AA113 | Z113: =IFERROR((H113+P113+V113)/3, "") | AC113: {=IF(XFD113="", "", _xlfn.IFS(XFD113>=90, "Advancing", XFD113>=80, "Benchmarking", XFD113>=75, "Connecting", XFD113>=65, "Developing", XFD113>=0, "Emerging"))} | XFD113: =Z113

Sheet Helper(IMPORTANT!)
A1: WW 1 | K1: PT 1 | U1: QA 1 | V1: WW 2 | AF1: PT 2 | AP1: QA 2 | AQ1: WW 3 | BA1: PT 3 | BK1: QA 3 | BL1: WW 4 | BV1: PT 4 | CF1: QA 4 | CG1: Grade Level | CH1: SUBJECT TYPE | CI1: WRITTEN/ ORAL WORKS | CJ1: PRODUCT/ PERFORMANCE TASKS | CK1: SUMMATIVE TESTS & TERM EXAMINATION | CL1: WW | CM1: PT | CN1: QA | CO1: 11 | CP1: 12 | CQ1: 0 | CR1: 60 | CT1: LEARNER | CU1: Q1 | CV1: Q2 | CW1: Q3 | CX1: Q4 | CY1: Q1 | CZ1: Q2 | DA1: Q3 | DB1: Q4 | DD1: SSHSECR2026 | DE1: 11 | DF1: 12 | DI1: Track | DJ1: Cluster | DK1: Subject | DL1: Grade 11 | DM1: Grade 12
A2: 1 | B2: 2 | C2: 3 | D2: 4 | E2: 5 | F2: 6 | G2: 7 | H2: 8 | I2: 9 | J2: 10 | K2: 1 | L2: 2 | M2: 3 | N2: 4 | O2: 5 | P2: 6 | Q2: 7 | R2: 8 | S2: 9 | T2: 10 | U2: 1 | V2: 1 | W2: 2 | X2: 3 | Y2: 4 | Z2: 5 | AA2: 6 | AB2: 7 | AC2: 8 | AD2: 9 | AE2: 10 | AF2: 1 | AG2: 2 | AH2: 3 | AI2: 4 | AJ2: 5 | AK2: 6 | AL2: 7 | AM2: 8 | AN2: 9 | AO2: 10 | AP2: 1 | AQ2: 1 | AR2: 2 | AS2: 3 | AT2: 4 | AU2: 5 | AV2: 6 | AW2: 7 | AX2: 8 | AY2: 9 | AZ2: 10 | BA2: 1 | BB2: 2 | BC2: 3 | BD2: 4 | BE2: 5 | BF2: 6 | BG2: 7 | BH2: 8 | BI2: 9 | BJ2: 10 | BK2: 1 | BL2: 1 | BM2: 2 | BN2: 3 | BO2: 4 | BP2: 5 | BQ2: 6 | BR2: 7 | BS2: 8 | BT2: 9 | BU2: 10 | BV2: 1 | BW2: 2 | BX2: 3 | BY2: 4 | BZ2: 5 | CA2: 6 | CB2: 7 | CC2: 8 | CD2: 9 | CE2: 10 | CF2: 1 | CG2: 11 | CH2: Core Subject (All Tracks) | CI2: =CI$1&" ("&CL2*100&"%)" -> WRITTEN/ ORAL WORKS (20%) | CJ2: =CJ$1&" ("&CM2*100&"%)" -> PRODUCT/ PERFORMANCE TASKS (50%) | CK2: =CK$1&" ("&CN2*100&"%)" -> SUMMATIVE TESTS & TERM EXAMINATION (30%) | CL2: 0.2 | CM2: 0.5 | CN2: 0.3 | CO2: 3 | CQ2: 40 | CR2: 61 | CT2: MALE | DD2: Core Subject (All Tracks) | DE2: QUARTERLY AVERAGE | DI2: Core Subject (All Tracks) | DJ2: CORE | DK2: Effective Communication | DL2: 4 | DM2: 0 | DN2: 11 | DZ2: Please contact RICHARD R. RAQUENO for assistance.
A3: {=_xlfn.SEQUENCE(#REF!+1,1,#REF!,-1)} -> #REF! | B3: {=_xlfn.SEQUENCE(#REF!+1,1,#REF!,-1)} -> #REF! | C3: {=_xlfn.SEQUENCE(#REF!+1,1,#REF!,-1)} -> #REF! | D3: {=_xlfn.SEQUENCE(#REF!+1,1,#REF!,-1)} -> #REF! | E3: {=_xlfn.SEQUENCE(#REF!+1,1,#REF!,-1)} -> #REF! | F3: {=_xlfn.SEQUENCE(#REF!+1,1,#REF!,-1)} -> #REF! | G3: {=_xlfn.SEQUENCE(#REF!+1,1,#REF!,-1)} -> #REF! | H3: {=_xlfn.SEQUENCE(#REF!+1,1,#REF!,-1)} -> #REF! | ... CF3: {=_xlfn.SEQUENCE(#REF!+1,1,#REF!,-1)} -> #REF! | CH3: Academic Elective (All Other Electives) | CI3: =CI$1&" ("&CL3*100&"%)" -> WRITTEN/ ORAL WORKS (20%) | CJ3: =CJ$1&" ("&CM3*100&"%)" -> PRODUCT/ PERFORMANCE TASKS (50%) | CK3: =CK$1&" ("&CN3*100&"%)" -> SUMMATIVE TESTS & TERM EXAMINATION (30%) | CL3: 0.2 | CM3: 0.5 | CN3: 0.3 | CO3: 1 | CP3: 2 | CQ3: 43 | CR3: 62 | CT3: {=_xlfn.SEQUENCE(50)} -> 1 | CU3: {=IF( OR( 'INPUT DATA'!$F$26="Academic Elective (All Other Electives)", 'INPUT DATA'!$F$26="Academic Elective (Field Experience / Exposure, and Sports and Arts)", AND('INPUT DATA'!$F$26="TechPro Elective (Work Immersion)", 'INPUT DATA'!$F$24=12), AND('INPUT DATA'!$F$26="TechPro Elective (All Other Electives)", 'INPUT DATA'!$F$24=12) ), INDIRECT("'" & CU1 & "'!AJ13:AJ113"), "" )} | CV3: {=IF( OR( 'INPUT DATA'!$F$26="Academic Elective (All Other Electives)", 'INPUT DATA'!$F$26="Academic Elective (Field Experience / Exposure, and Sports and Arts)", AND('INPUT DATA'!$F$26="TechPro Elective (Work Immersion)", 'INPUT DATA'!$F$24=12), AND('INPUT DATA'!$F$26="TechPro Elective (All Other Electives)", 'INPUT DATA'!$F$24=12) ), INDIRECT("'" & CV1 & "'!AJ13:AJ113"), "" )} | CW3: {=IF( OR( 'INPUT DATA'!$F$26="Academic Elective (All Other Electives)", 'INPUT DATA'!$F$26="Academic Elective (Field Experience / Exposure, and Sports and Arts)", AND('INPUT DATA'!$F$26="TechPro Elective (Work Immersion)", 'INPUT DATA'!$F$24=12), AND('INPUT DATA'!$F$26="TechPro Elective (All Other Electives)", 'INPUT DATA'!$F$24=12) ), INDIRECT("'" & CW1 & "'!AJ13:AJ113"), "" )} | CX3: {=IF( OR( 'INPUT DATA'!$F$26="Academic Elective (All Other Electives)", 'INPUT DATA'!$F$26="Academic Elective (Field Experience / Exposure, and Sports and Arts)", AND('INPUT DATA'!$F$26="TechPro Elective (Work Immersion)", 'INPUT DATA'!$F$24=12), AND('INPUT DATA'!$F$26="TechPro Elective (All Other Electives)", 'INPUT DATA'!$F$24=12) ), INDIRECT("'" & CX1 & "'!AJ13:AJ113"), "" )} | CY3: {=IF(OR('INPUT DATA'!$F$26="Core Subject (All Tracks)", AND('INPUT DATA'!$F$26="TechPro Elective (All Other Electives)", 'INPUT DATA'!$F$24=11)),INDIRECT("'" & CY1 & "'!AJ13:AJ113"), "")} | CZ3: {=IF(OR('INPUT DATA'!$F$26="Core Subject (All Tracks)", AND('INPUT DATA'!$F$26="TechPro Elective (All Other Electives)", 'INPUT DATA'!$F$24=11)),INDIRECT("'" & CZ1 & "'!AJ13:AJ113"), "")} | DA3: {=IF(OR('INPUT DATA'!$F$26="Core Subject (All Tracks)", AND('INPUT DATA'!$F$26="TechPro Elective (All Other Electives)", 'INPUT DATA'!$F$24=11)),INDIRECT("'" & DA1 & "'!AJ13:AJ113"), "")} | DB3: {=IF(OR('INPUT DATA'!$F$26="Core Subject (All Tracks)", AND('INPUT DATA'!$F$26="TechPro Elective (All Other Electives)", 'INPUT DATA'!$F$24=11)),INDIRECT("'" & DB1 & "'!AJ13:AJ113"), "")} | DD3: Academic Elective (All Other Electives) | DE3: SEMESTRAL GRADE | DF3: SEMESTRAL GRADE | DI3: Core Subject (All Tracks) | DJ3: CORE | DK3: Mabisang Komunikasyon | DL3: 4 | DM3: 0 | DN3: 11 | DZ3: 09178428937
CH4: Academic Elective (Field Experience / Exposure, and Sports and Arts) | CI4: =CI$1&" ("&CL4*100&"%)" -> WRITTEN/ ORAL WORKS (15%) | CJ4: =CJ$1&" ("&CM4*100&"%)" -> PRODUCT/ PERFORMANCE TASKS (70%) | CK4: =CK$1&" ("&CN4*100&"%)" -> SUMMATIVE TESTS & TERM EXAMINATION (15%) | CL4: 0.15 | CM4: 0.7 | CN4: 0.15 | CO4: 1 | CP4: 2 | CQ4: 46 | CR4: 63 | CT4: 2 | DD4: Academic Elective (Field Experience / Exposure, and Sports and Arts) | DE4: SEMESTRAL GRADE | DF4: SEMESTRAL GRADE | DI4: Core Subject (All Tracks) | DJ4: CORE | DK4: General Mathematics | DL4: 4 | DM4: 0 | DN4: 11
CH5: TechPro Elective (All Other Electives) | CI5: =CI$1&" ("&CL5*100&"%)" -> WRITTEN/ ORAL WORKS (15%) | CJ5: =CJ$1&" ("&CM5*100&"%)" -> PRODUCT/ PERFORMANCE TASKS (65%) | CK5: =CK$1&" ("&CN5*100&"%)" -> SUMMATIVE TESTS & TERM EXAMINATION (20%) | CL5: 0.15 | CM5: 0.65 | CN5: 0.2 | CO5: 4 | CP5: 2 | CQ5: 48 | CR5: 64 | CT5: 3 | DD5: TechPro Elective (All Other Electives) | DE5: QUARTERLY AVERAGE | DF5: SEMESTRAL GRADE | DI5: Core Subject (All Tracks) | DJ5: CORE | DK5: General Science | DL5: 4 | DM5: 0 | DN5: 11
CH6: TechPro Elective (Work Immersion) | CI6: =CI$1&" ("&CL6*100&"%)" -> WRITTEN/ ORAL WORKS (20%) | CJ6: =CJ$1&" ("&CM6*100&"%)" -> PRODUCT/ PERFORMANCE TASKS (80%) | CK6: - - | CL6: 0.2 | CM6: 0.8 | CP6: 2 | CQ6: 50 | CR6: 65 | CT6: 4 | DD6: TechPro Elective (Work Immersion) | DE6: QUARTERLY AVERAGE | DF6: SEMESTRAL GRADE | DI6: Core Subject (All Tracks) | DJ6: CORE | DK6: Life and Career Skills | DL6: 4 | DM6: 0 | DN6: 11
CO7: ↑COMPUTATION↑ OF FINAL GRADES: 2 = Average of 2 quarters 4 = Average of 4 quarters | CQ7: 52 | CR7: 66 | CT7: 5 | DI7: Core Subject (All Tracks) | DJ7: CORE | DK7: Pag-aaral ng Kasaysayan at Lipunang Pilipino | DL7: 4 | DM7: 0 | DN7: 11
CQ8: 54 | CR8: 67 | CT8: 6 | DD8: Selected Track | DI8: Academic Elective (All Other Electives) | DJ8: ARTS, SOCIAL SCIENCE AND HUMANITIES CLUSTER | DK8: Arts 1 (Creative Industries - Visual Art, Literary Art, Media Art, Applied Art, and Traditional Art) | DL8: 2 | DM8: 0 | DN8: 11
CQ9: 56 | CR9: 68 | CT9: 7 | DD9: ='INPUT DATA'!F26 -> 0 | DI9: Academic Elective (All Other Electives) | DJ9: ARTS, SOCIAL SCIENCE AND HUMANITIES CLUSTER | DK9: Arts 2 (Creative Industries - Music, Dance, and Theater) | DL9: 2 | DM9: 0 | DN9: 11
CQ10: 58 | CR10: 69 | CT10: 8 | DD10: Selected Grade Level | DI10: Academic Elective (All Other Electives) | DJ10: ARTS, SOCIAL SCIENCE AND HUMANITIES CLUSTER | DK10: Filipino Identity Through the Arts | DL10: 2 | DM10: 0 | DN10: 11
CQ11: 60 | CR11: 70 | CT11: 9 | DD11: ='INPUT DATA'!F24 -> 0 | DI11: Academic Elective (All Other Electives) | DJ11: ARTS, SOCIAL SCIENCE AND HUMANITIES CLUSTER | DK11: Leadership and Mangement in the Arts | DL11: 2 | DM11: 0 | DN11: 11
CQ12: 62 | CR12: 71 | CT12: 10 | DI12: Academic Elective (All Other Electives) | DJ12: ARTS, SOCIAL SCIENCE AND HUMANITIES CLUSTER | DK12: Citizenship and Civic Engagement | DL12: 2 | DM12: 2 | DN12: 11/12
CQ13: 64 | CR13: 72 | CT13: 11 | DD13: Elective Subjects | DI13: Academic Elective (All Other Electives) | DJ13: ARTS, SOCIAL SCIENCE AND HUMANITIES CLUSTER | DK13: Contemporary Literature 1 | DL13: 2 | DM13: 2 | DN13: 11/12
CQ14: 66 | CR14: 73 | CT14: 12 | DD14: {=IFERROR(_xlfn._xlws.FILTER( DK2:DK140, ISNUMBER(SEARCH(DD11, DN2:DN140)) * (DI2:DI140 = DD9)),"Input Grade Level and Select Subject Type")} -> Input Grade Level and Select Subject Type | DI14: Academic Elective (All Other Electives) | DJ14: ARTS, SOCIAL SCIENCE AND HUMANITIES CLUSTER | DK14: Contemporary Literature 2 | DL14: 2 | DM14: 2 | DN14: 11/12
CQ15: 68 | CR15: 74 | CT15: 13 | DI15: Academic Elective (All Other Electives) | DJ15: ARTS, SOCIAL SCIENCE AND HUMANITIES CLUSTER | DK15: Creative Composition 1 | DL15: 2 | DM15: 2 | DN15: 11/12
CQ16: 70 | CR16: 75 | CT16: 14 | DI16: Academic Elective (All Other Electives) | DJ16: ARTS, SOCIAL SCIENCE AND HUMANITIES CLUSTER | DK16: Creative Composition 2 | DL16: 0 | DM16: 2 | DN16: 12
CQ17: 73 | CR17: 76 | CT17: 15 | DI17: Academic Elective (All Other Electives) | DJ17: ARTS, SOCIAL SCIENCE AND HUMANITIES CLUSTER | DK17: Filipino 1 (Wika at Komunikasyon sa Akademikong Filipino) | DL17: 2 | DM17: 2 | DN17: 11/12
CQ18: 75 | CR18: 77 | CT18: 16 | DI18: Academic Elective (All Other Electives) | DJ18: ARTS, SOCIAL SCIENCE AND HUMANITIES CLUSTER | DK18: Filipino 2 (Filipino para sa Larang Teknikal-Propesyonal) | DL18: 2 | DM18: 2 | DN18: 11/12
CQ19: 76 | CR19: 78 | CT19: 17 | DI19: Academic Elective (All Other Electives) | DJ19: ARTS, SOCIAL SCIENCE AND HUMANITIES CLUSTER | DK19: Filipino 2 (Filipino sa Isports) | DL19: 2 | DM19: 2 | DN19: 11/12
CQ20: 77 | CR20: 79 | CT20: 18 | DI20: Academic Elective (All Other Electives) | DJ20: ARTS, SOCIAL SCIENCE AND HUMANITIES CLUSTER | DK20: Filipino 2 (Filipino sa Sining at Disenyo) | DL20: 2 | DM20: 2 | DN20: 11/12
CQ21: 78 | CR21: 80 | CT21: 19 | DI21: Academic Elective (All Other Electives) | DJ21: ARTS, SOCIAL SCIENCE AND HUMANITIES CLUSTER | DK21: Introduction to Philosophy | DL21: 2 | DM21: 2 | DN21: 11/12
CQ22: 79 | CR22: 81 | CT22: 20 | DI22: Academic Elective (All Other Electives) | DJ22: ARTS, SOCIAL SCIENCE AND HUMANITIES CLUSTER | DK22: Malikhaing Pagsulat | DL22: 2 | DM22: 2 | DN22: 11/12
CQ23: 80 | CR23: 82 | CT23: 21 | DI23: Academic Elective (All Other Electives) | DJ23: ARTS, SOCIAL SCIENCE AND HUMANITIES CLUSTER | DK23: Philippine Governance (Philippine Politics and Governance) | DL23: 2 | DM23: 2 | DN23: 11/12
CQ24: 81 | CR24: 83 | CT24: 22 | DI24: Academic Elective (All Other Electives) | DJ24: ARTS, SOCIAL SCIENCE AND HUMANITIES CLUSTER | DK24: Social Sciences (Theory and Practice) | DL24: 2 | DM24: 2 | DN24: 11/12
CQ25: 82 | CR25: 84 | CT25: 23 | DI25: Academic Elective (All Other Electives) | DJ25: BUSINESS AND ENTREPRENEURSHIP | DK25: Business 1 (Basic Accounting) | DL25: 2 | DM25: 2 | DN25: 11/12
CQ26: 83 | CR26: 85 | CT26: 24 | DI26: Academic Elective (All Other Electives) | DJ26: BUSINESS AND ENTREPRENEURSHIP | DK26: Business 2 (Business Finance and Income Taxation) | DL26: 2 | DM26: 2 | DN26: 11/12
CQ27: 84 | CR27: 86 | CT27: 25 | DI27: Academic Elective (All Other Electives) | DJ27: BUSINESS AND ENTREPRENEURSHIP | DK27: Business 3 (Business Economics) | DL27: 2 | DM27: 2 | DN27: 11/12
CQ28: 85 | CR28: 87 | CT28: 26 | DI28: Academic Elective (All Other Electives) | DJ28: BUSINESS AND ENTREPRENEURSHIP | DK28: Contemporary Marketing | DL28: 2 | DM28: 2 | DN28: 11/12
... CQ30: 87 | CR30: 89 | CT30: 28 | DI30: Academic Elective (All Other Electives) | DJ30: BUSINESS AND ENTREPRENEURSHIP | DK30: Introduction to Organization and Management | DL30: 2 | DM30: 2 | DN30: 11/12
CQ31: 88 | CR31: 90 | CT31: 29 | DI31: Academic Elective (All Other Electives) | DJ31: SCIENCE, TECHNOLOGY, ENGINEERING AND MATHEMATICS | DK31: Advanced Mathematics 1 | DL31: 0 | DM31: 2 | DN31: 12
CQ32: 89 | CR32: 91 | CT32: 30 | DI32: Academic Elective (All Other Electives) | DJ32: SCIENCE, TECHNOLOGY, ENGINEERING AND MATHEMATICS | DK32: Advanced Mathematics 2 | DL32: 0 | DM32: 2 | DN32: 12
CQ33: 90 | CR33: 92 | CT33: 31 | DI33: Academic Elective (All Other Electives) | DJ33: SCIENCE, TECHNOLOGY, ENGINEERING AND MATHEMATICS | DK33: Biology 1 | DL33: 2 | DM33: 0 | DN33: 11
CQ34: 91 | CR34: 93 | CT34: 32 | DI34: Academic Elective (All Other Electives) | DJ34: SCIENCE, TECHNOLOGY, ENGINEERING AND MATHEMATICS | DK34: Biology 2 | DL34: 2 | DM34: 0 | DN34: 11
CQ35: 92 | CR35: 94 | CT35: 33 | DI35: Academic Elective (All Other Electives) | DJ35: SCIENCE, TECHNOLOGY, ENGINEERING AND MATHEMATICS | DK35: Biology 3 | DL35: 0 | DM35: 2 | DN35: 12
CQ36: 93 | CR36: 95 | CT36: 34 | DI36: Academic Elective (All Other Electives) | DJ36: SCIENCE, TECHNOLOGY, ENGINEERING AND MATHEMATICS | DK36: Biology 4 | DL36: 0 | DM36: 2 | DN36: 12
CQ37: 94 | CR37: 96 | CT37: 35 | DI37: Academic Elective (All Other Electives) | DJ37: SCIENCE, TECHNOLOGY, ENGINEERING AND MATHEMATICS | DK37: Chemistry 1 | DL37: 2 | DM37: 0 | DN37: 11
CQ38: 95 | CR38: 97 | CT38: 36 | DI38: Academic Elective (All Other Electives) | DJ38: SCIENCE, TECHNOLOGY, ENGINEERING AND MATHEMATICS | DK38: Chemistry 2 | DL38: 2 | DM38: 0 | DN38: 11
CQ39: 96 | CR39: 98 | CT39: 37 | DI39: Academic Elective (All Other Electives) | DJ39: SCIENCE, TECHNOLOGY, ENGINEERING AND MATHEMATICS | DK39: Chemistry 3 | DL39: 0 | DM39: 2 | DN39: 12
CQ40: 97.5 | CR40: 99 | CT40: 38 | DI40: Academic Elective (All Other Electives) | DJ40: SCIENCE, TECHNOLOGY, ENGINEERING AND MATHEMATICS | DK40: Chemistry 4 | DL40: 0 | DM40: 2 | DN40: 12
CQ41: 99.5 | CR41: 100 | CT41: 39 | DI41: Academic Elective (All Other Electives) | DJ41: SCIENCE, TECHNOLOGY, ENGINEERING AND MATHEMATICS | DK41: Database Management | DL41: 2 | DM41: 2 | DN41: 11/12
CT42: 40 | DI42: Academic Elective (All Other Electives) | DJ42: SCIENCE, TECHNOLOGY, ENGINEERING AND MATHEMATICS | DK42: Earth and Space Science 1 | DL42: 2 | DM42: 0 | DN42: 11
CT43: 41 | DI43: Academic Elective (All Other Electives) | DJ43: SCIENCE, TECHNOLOGY, ENGINEERING AND MATHEMATICS | DK43: Earth and Space Science 2 | DL43: 2 | DM43: 0 | DN43: 11
CT44: 42 | DI44: Academic Elective (All Other Electives) | DJ44: SCIENCE, TECHNOLOGY, ENGINEERING AND MATHEMATICS | DK44: Earth and Space Science 3 | DL44: 0 | DM44: 2 | DN44: 12
CT45: 43 | DI45: Academic Elective (All Other Electives) | DJ45: SCIENCE, TECHNOLOGY, ENGINEERING AND MATHEMATICS | DK45: Earth and Space Science 4 | DL45: 0 | DM45: 2 | DN45: 12
CT46: 44 | DI46: Academic Elective (All Other Electives) | DJ46: SCIENCE, TECHNOLOGY, ENGINEERING AND MATHEMATICS | DK46: Empowerment Technologies | DL46: 2 | DM46: 2 | DN46: 11/12
CT47: 45 | DI47: Academic Elective (All Other Electives) | DJ47: SCIENCE, TECHNOLOGY, ENGINEERING AND MATHEMATICS | DK47: Finite Mathematics 1 | DL47: 2 | DM47: 2 | DN47: 11/12
CT48: 46 | DI48: Academic Elective (All Other Electives) | DJ48: SCIENCE, TECHNOLOGY, ENGINEERING AND MATHEMATICS | DK48: Finite Mathematics 2 | DL48: 2 | DM48: 2 | DN48: 11/12
CT49: 47 | DI49: Academic Elective (All Other Electives) | DJ49: SCIENCE, TECHNOLOGY, ENGINEERING AND MATHEMATICS | DK49: Fundamentals in Data Analytics | DL49: 2 | DM49: 2 | DN49: 11/12
CT50: 48 | DI50: Academic Elective (All Other Electives) | DJ50: SCIENCE, TECHNOLOGY, ENGINEERING AND MATHEMATICS | DK50: General Science 3 | DL50: 0 | DM50: 2 | DN50: 12
CT51: 49 | DI51: Academic Elective (All Other Electives) | DJ51: SCIENCE, TECHNOLOGY, ENGINEERING AND MATHEMATICS | DK51: General Science 4 | DL51: 0 | DM51: 2 | DN51: 12
CT52: 50 | DI52: Academic Elective (All Other Electives) | DJ52: SCIENCE, TECHNOLOGY, ENGINEERING AND MATHEMATICS | DK52: Physics 1 | DL52: 2 | DM52: 0 | DN52: 11
CT53: FEMALE | DI53: Academic Elective (All Other Electives) | DJ53: SCIENCE, TECHNOLOGY, ENGINEERING AND MATHEMATICS | DK53: Physics 2 | DL53: 2 | DM53: 0 | DN53: 11
CT54: {=_xlfn.SEQUENCE(50)} -> 1 | DI54: Academic Elective (All Other Electives) | DJ54: SCIENCE, TECHNOLOGY, ENGINEERING AND MATHEMATICS | DK54: Physics 3 | DL54: 0 | DM54: 2 | DN54: 12
CT55: 2 | DI55: Academic Elective (All Other Electives) | DJ55: SCIENCE, TECHNOLOGY, ENGINEERING AND MATHEMATICS | DK55: Physics 4 | DL55: 0 | DM55: 2 | DN55: 12
CT56: 3 | DI56: Academic Elective (All Other Electives) | DJ56: SCIENCE, TECHNOLOGY, ENGINEERING AND MATHEMATICS | DK56: Pre-calculus 1 | DL56: 0 | DM56: 2 | DN56: 12
CT57: 4 | DI57: Academic Elective (All Other Electives) | DJ57: SCIENCE, TECHNOLOGY, ENGINEERING AND MATHEMATICS | DK57: Pre-calculus 2 | DL57: 0 | DM57: 2 | DN57: 12
CT58: 5 | DI58: Academic Elective (All Other Electives) | DJ58: SCIENCE, TECHNOLOGY, ENGINEERING AND MATHEMATICS | DK58: Trigonometry 1 | DL58: 0 | DM58: 2 | DN58: 12
CT59: 6 | DI59: Academic Elective (All Other Electives) | DJ59: SCIENCE, TECHNOLOGY, ENGINEERING AND MATHEMATICS | DK59: Trigonometry 2 | DL59: 0 | DM59: 2 | DN59: 12
CT60: 7 | DI60: Academic Elective (All Other Electives) | DJ60: SPORTS, HEALTH AND WELLNESS | DK60: Exercise and Sports Programming | DL60: 2 | DM60: 2 | DN60: 11/12
CT61: 8 | DI61: Academic Elective (All Other Electives) | DJ61: SPORTS, HEALTH AND WELLNESS | DK61: Human Movement 1 (Basic Anatomy in Sports and Exercise) | DL61: 2 | DM61: 0 | DN61: 11
CT62: 9 | DI62: Academic Elective (All Other Electives) | DJ62: SPORTS, HEALTH AND WELLNESS | DK62: Human Movement 2 (Motor Skills Development) | DL62: 2 | DM62: 0 | DN62: 11
CT63: 10 | DI63: Academic Elective (All Other Electives) | DJ63: SPORTS, HEALTH AND WELLNESS | DK63: Physical Education 1 (Fitness and Recreation) | DL63: 2 | DM63: 2 | DN63: 11/12
CT64: 11 | DI64: Academic Elective (All Other Electives) | DJ64: SPORTS, HEALTH AND WELLNESS | DK64: Physical Education 2 (Sports and Dance) | DL64: 2 | DM64: 2 | DN64: 11/12
CT65: 12 | DI65: Academic Elective (All Other Electives) | DJ65: SPORTS, HEALTH AND WELLNESS | DK65: Safety and First Aid | DL65: 2 | DM65: 2 | DN65: 11/12
CT66: 13 | DI66: Academic Elective (All Other Electives) | DJ66: SPORTS, HEALTH AND WELLNESS | DK66: Sports Activity Management | DL66: 2 | DM66: 2 | DN66: 11/12
CT67: 14 | DI67: Academic Elective (All Other Electives) | DJ67: SPORTS, HEALTH AND WELLNESS | DK67: Sports Coaching | DL67: 2 | DM67: 2 | DN67: 11/12
CT68: 15 | DI68: Academic Elective (All Other Electives) | DJ68: SPORTS, HEALTH AND WELLNESS | DK68: Sports Officiating | DL68: 2 | DM68: 2 | DN68: 11/12
CT69: 16 | DI69: Academic Elective (Field Experience / Exposure, and Sports and Arts) | DJ69: FIELD EXPOSURE | DK69: Field Exposure - Arts Apprenticeship (Dance, Music, Theater Arts, Literary Arts, Visual Arts, Visual, Media, Applied, and Traditional Art) | DL69: 2 | DM69: 2 | DN69: 11/12
CT70: 17 | DI70: Academic Elective (Field Experience / Exposure, and Sports and Arts) | DJ70: FIELD EXPOSURE | DK70: Field Exposure - Creative Production and Presentation | DL70: 2 | DM70: 2 | DN70: 11/12
CT71: 18 | DI71: Academic Elective (Field Experience / Exposure, and Sports and Arts) | DJ71: FIELD EXPOSURE | DK71: Field Exposure - Design and Innovation | DL71: 2 | DM71: 2 | DN71: 11/12
CT72: 19 | DI72: Academic Elective (Field Experience / Exposure, and Sports and Arts) | DJ72: FIELD EXPOSURE | DK72: Field Exposure - Research Methods | DL72: 2 | DM72: 2 | DN72: 11/12
CT73: 20 | DI73: Academic Elective (Field Experience / Exposure, and Sports and Arts) | DJ73: FIELD EXPOSURE | DK73: Field Exposure - (In-Campus) Sports | DL73: 2 | DM73: 2 | DN73: 11/12
CT74: 21 | DI74: Academic Elective (Field Experience / Exposure, and Sports and Arts) | DJ74: FIELD EXPOSURE | DK74: Field Exposure - (Off-Campus) (Business and Entrepreneurship/ Sports Health, and Wellness/ Science, Technology, Engineering, and Mathematics) | DL74: 2 | DM74: 2 | DN74: 11/12
... CT103: 50 | DI103: TechPro Elective (All Other Electives) | DJ103: HOSPITALITY AND TOURISM | DK103: Bakery Operation | DL103: 4 | DM103: 2 | DN103: 11/12
DI104: TechPro Elective (All Other Electives) | DJ104: HOSPITALITY AND TOURISM | DK104: Events Management Services | DL104: 4 | DM104: 2 | DN104: 11/12
DI105: TechPro Elective (All Other Electives) | DJ105: HOSPITALITY AND TOURISM | DK105: Food and Beverage Operation | DL105: 4 | DM105: 2 | DN105: 11/12
DI106: TechPro Elective (All Other Electives) | DJ106: HOSPITALITY AND TOURISM | DK106: Hotel Operation (Front Office Services) | DL106: 4 | DM106: 2 | DN106: 11/12
DI107: TechPro Elective (All Other Electives) | DJ107: HOSPITALITY AND TOURISM | DK107: Hotel Operation (Housekeeping Services) | DL107: 4 | DM107: 2 | DN107: 11/12
DI108: TechPro Elective (All Other Electives) | DJ108: HOSPITALITY AND TOURISM | DK108: Kitchen Operations | DL108: 4 | DM108: 2 | DN108: 11/12
DI109: TechPro Elective (All Other Electives) | DJ109: HOSPITALITY AND TOURISM | DK109: Tourism Services | DL109: 4 | DM109: 2 | DN109: 11/12
DI110: TechPro Elective (All Other Electives) | DJ110: INDUSTRIAL TECHNOLOGIES | DK110: Commercial Air-Conditioning Installation and Servicing | DL110: 4 | DM110: 2 | DN110: 11/12
DI111: TechPro Elective (All Other Electives) | DJ111: INDUSTRIAL TECHNOLOGIES | DK111: Domestic Refrigeration and Air-Conditioning Servicing | DL111: 4 | DM111: 2 | DN111: 11/12
DI112: TechPro Elective (All Other Electives) | DJ112: INDUSTRIAL TECHNOLOGIES | DK112: Electrical Installation Maintenance | DL112: 4 | DM112: 2 | DN112: 11/12
DI113: TechPro Elective (All Other Electives) | DJ113: INDUSTRIAL TECHNOLOGIES | DK113: Electronics Product Assembly and Servicing | DL113: 4 | DM113: 2 | DN113: 11/12
DI114: TechPro Elective (All Other Electives) | DJ114: INDUSTRIAL TECHNOLOGIES | DK114: Mechatronics | DL114: 4 | DM114: 2 | DN114: 11/12
DI115: TechPro Elective (All Other Electives) | DJ115: INDUSTRIAL TECHNOLOGIES | DK115: Photovoltaic Systems Installation | DL115: 4 | DM115: 2 | DN115: 11/12
... DI134: TechPro Elective (Work Immersion) | DJ134: MARITIME TRANSPORT | DK134: Work Immersion - Maritime Transport | DL134: 4 | DM134: 2 | DN134: 11/12
DI135: Academic Elective (All Other Electives) | DK135: Other Elective and Special Curricular Program | DL135: 4 | DM135: 2 | DN135: 11/12
DI136: Academic Elective (Field Experience / Exposure, and Sports and Arts) | DK136: Other Elective and Special Curricular Program | DL136: 4 | DM136: 2 | DN136: 11/12
DI137: TechPro Elective (All Other Electives) | DK137: Other Elective and Special Curricular Program | DL137: 4 | DM137: 2 | DN137: 11/12
DI138: TechPro Elective (Work Immersion) | DK138: Other Elective and Special Curricular Program | DL138: 4 | DM138: 2 | DN138: 11/12
